id_usuario_raw,nome_raw,icone_comodo_raw
80a97046-f9cb-4909-b504-6bb50a799058,Área de serviço,icon_area_servico
b23af766-4c57-4e59-8554-a0cdbc86c748,Área de serviço,icon_area_servico
095f64cf-c6af-490f-8ac0-7f60440d280f,Despensa,icon_despensa
38b57819-9a58-4c30-8197-ab917a30f9d5,Escritório,icon_escritorio
bc4ea69a-4b3c-4047-9b49-efc127987def,Garagem,icon_garagem
3a140f61-265a-47b8-ad50-4cd6aaf30018,Garagem,icon_garagem
6fe5abd8-ff31-490c-8578-1dc832dcd6ef,Escritório,icon_escritorio
eab32f91-265b-4492-9f59-fc95164606dd,Escritório,icon_escritorio
04002026-3098-4543-a997-99186e86abf6,Iusto de cima,icon_generico
5541afb3-f20b-4fc7-a331-b4d2338cd3e0,Cozinha,icon_cozinha
69800279-487e-4a95-8647-b90a2c7591d8,Assumenda de cima,icon_generico
c5f544ad-f434-477a-a117-80dd57759315,Varanda,icon_varanda
762488d1-cbe2-4495-be4a-7ede94dff51b,Escritório,icon_escritorio
0acb1de1-5c20-4c59-9e26-d8d2e23070ae,Voluptatum de cima,icon_generico
8418b6d5-df8d-4daf-922d-4ea3ff87c507,Garagem,icon_garagem
c257dad7-0724-46e4-a543-b12a12929859,Garagem,icon_garagem
ddf7e40e-d779-4f1d-887c-b953dc9491b1,Varanda,icon_varanda
301e3a93-c41f-4de3-a5fb-fdbd0c8fbf1c,Sala,icon_sala
7ebc01de-9fbb-4bc6-b9be-b8dfceeaa099,Escritório,icon_escritorio
a26bcd25-f2fe-4e10-b731-580b895778ea,Área de serviço,icon_area_servico
aecb3e38-75c3-4a47-b749-19f3723c7665,Despensa,icon_despensa
e70181b0-2325-4b5b-ba06-1aecb46a56f9,Possimus de cima,icon_generico
fec9621d-20f0-4717-ae51-6caf29e2e409,Garagem,icon_garagem
3d15f778-8452-4502-8fe3-1747ff3893c6,Ab do fundo,icon_generico
97db2042-4ffc-4fcb-a7e9-5a36558853ed,Banheiro,icon_banheiro
1c100c5f-3c7c-46fd-ac68-3f938a63e60d,Cozinha,icon_cozinha
24aa1d18-6213-4ab4-935a-71cf4e3b0b82,Garagem,icon_garagem
50ab8df4-2820-425a-a686-2e249ff71fe5,Lavanderia,icon_lavanderia
52927b83-2998-4c90-94c2-876b6943a922,Quarto,icon_quarto
3b88aded-e308-4efc-9658-cb97d8b73857,Varanda,icon_varanda
823e1c54-450d-4621-a578-b610fac85b3f,Banheiro,icon_banheiro
802ddca6-f30a-4da3-b43b-1459a5e6489b,Cozinha,icon_cozinha
a5b47e9b-a77e-4cf6-84d2-c07c52e512ed,Banheiro,icon_banheiro
f512af5f-b088-402b-8a1d-7297ac97ace0,Varanda,icon_varanda
4d43de20-6a3b-41bb-9ac2-5518ac4baab0,Despensa,icon_despensa
6fe6aae6-3449-489a-b7b9-248afb4cde9b,Varanda,icon_varanda
8b13b711-66ef-481b-b326-d9b4da7819af,Garagem,icon_garagem
5ee711c3-cd2d-4f4a-82f3-6310cb5492fa,Varanda,icon_varanda
1bbacedf-cab8-48ae-88b5-58402be94462,Cozinha,icon_cozinha
bf75c163-9129-40cc-8103-42acee634190,Quarto,icon_quarto
6faca5e1-2c63-4f7f-bcc9-ed020980408a,Área de serviço,icon_area_servico
b50871c1-64cc-4571-b7f4-6e9d094fd3f5,Varanda,icon_varanda
b812e1de-fced-47aa-8a04-0451a29bf24c,Cozinha,icon_cozinha
7fbc3c8b-c934-4734-b422-024ab6432190,Despensa,icon_despensa
372695c9-b5f7-429e-881a-e962a2edd197,Garagem,icon_garagem
5ca29067-3f0a-4705-8904-5f3077be45b1,Exercitationem do fundo,icon_generico
9ade42d8-b952-4480-b5fa-c66c6998d5cd,Cumque pequeno,icon_generico
7402b2e0-20b5-4441-ac77-440a5c714847,Ab de cima,icon_generico
a8710d83-892e-49fa-a42b-a39417e96c9e,Vel do fundo,icon_generico
9cb53bfa-c728-442d-84c0-4c0c357079d1,Neque do fundo,icon_generico
b81277bb-06bf-4192-8ab6-fc0eece5a763,Cozinha,icon_cozinha
86fb1f6e-ac01-4e26-a758-cda0affa1eeb,Sala,icon_sala
c5762b93-7240-43b5-9045-49d9bb9f693f,Lavanderia,icon_lavanderia
3088f6eb-5d83-4612-82c7-9d8bbb36481c,Lavanderia,icon_lavanderia
9af31be7-4a81-4f6f-963d-cc8cc724fc75,Cozinha,icon_cozinha
1a30c0f1-7e77-4982-b706-83e8bcff7d7a,Garagem,icon_garagem
6fe6aae6-3449-489a-b7b9-248afb4cde9b,Varanda,icon_varanda
32271163-b90d-4aa8-8660-a8dc87041e0c,Escritório,icon_escritorio
42cceabb-1292-4b50-be14-6b753108eabf,Cozinha,icon_cozinha
45786a39-4094-4ea4-b87e-9f1c583a3140,Lavanderia,icon_lavanderia
6b1f902b-69f7-47f5-bd53-c0549994556c,Hic do fundo,icon_generico
ed3e61f4-cb6e-4246-b8d2-04a45c621d3a,Cozinha,icon_cozinha
bd895ae9-a2c4-4052-ab6d-42fc847870bb,Quarto,icon_quarto
a3c01260-1ed0-4e8a-ae9d-a2ba3114aa96,Lavanderia,icon_lavanderia
f30ef1cd-4e67-4a49-930c-77f36b7e6ed0,Banheiro,icon_banheiro
80dfccd6-a65d-4f68-a830-67ff89f07988,Varanda,icon_varanda
26774065-5b1a-4d93-bcbc-03c84402958c,Sala,icon_sala
c50225b4-c6f6-45f1-89f2-b39b97d2f083,Sala,icon_sala
640588fe-3268-4174-99e8-609df17bfe88,Minus de cima,icon_generico
5b761866-2c2c-47ff-8089-e18b3d11011d,Varanda,icon_varanda
3a8b7deb-430e-4442-9fea-d88940ab61bd,Garagem,icon_garagem
823e1c54-450d-4621-a578-b610fac85b3f,Banheiro,icon_banheiro
554edef9-865c-43c5-a9a0-849cb53ac157,Sed de cima,icon_generico
27bb8acd-b243-42a8-a43c-1d1f7e55a8ce,Sala,icon_sala
3b7ea6b5-18e3-4dc8-b1e6-87d2c4e2220c,Lavanderia,icon_lavanderia
c5762b93-7240-43b5-9045-49d9bb9f693f,Banheiro,icon_banheiro
301e3a93-c41f-4de3-a5fb-fdbd0c8fbf1c,Quarto,icon_quarto
6d269078-bed1-444c-af26-cbd2adfc088a,Nesciunt do fundo,icon_generico
7a260fc2-9a1b-4628-9355-ec9154910d94,Despensa,icon_despensa
e60c3149-d958-4bca-a6b1-eea73350b75e,Cozinha,icon_cozinha
df7cbedc-ae44-49c0-a2bc-ea192890f66f,Garagem,icon_garagem
6de9823a-0277-44d3-bfae-48fed86e6320,Varanda,icon_varanda
1df79161-fb92-483f-a60a-f61354f940b9,Escritório,icon_escritorio
58dbba7a-5653-4161-b5e0-364db905ccf7,Esse pequeno,icon_generico
df4eb3ee-a1d6-48a2-afae-38a218c15c35,Sala,icon_sala
ae5cf651-5652-40e7-b4d2-329c5b117697,Garagem,icon_garagem
2839e729-675e-479c-94e6-23d166f02056,Cozinha,icon_cozinha
3088f6eb-5d83-4612-82c7-9d8bbb36481c,Velit pequeno,icon_generico
d5009c62-90a7-49e5-ba07-ddc818ced17d,Escritório,icon_escritorio
ed236fd7-4bac-4a44-ab68-6f98aad57343,Garagem,icon_garagem
6b1f902b-69f7-47f5-bd53-c0549994556c,Cumque de cima,icon_generico
3518b4b8-44db-4996-891d-33e4879f007d,Quarto,icon_quarto
2739b638-2bc7-4d18-ae0c-c9926b28245e,Quarto,icon_quarto
4caa3e3d-5ff5-43cd-84aa-cb85d7f50e2d,Quarto,icon_quarto
f16b5e27-c92b-4e44-97dd-cb0c7e27e6b8,Escritório,icon_escritorio
5f9c6f31-6b82-4169-a96f-c367a46b41f0,Sala,icon_sala
5cb272a1-ed9f-4a9f-99b2-891fc4d5e9f7,Cozinha,icon_cozinha
095f64cf-c6af-490f-8ac0-7f60440d280f,Sala,icon_sala
1b67c11e-b7f2-4138-a889-6351071921a5,Garagem,icon_garagem
9cb53bfa-c728-442d-84c0-4c0c357079d1,Escritório,icon_escritorio
f39ee957-4f4e-496d-a8ed-ef9e2d411203,Área de serviço,icon_area_servico
3058c4d9-5d22-49a4-9ad1-71a9c1f5a24a,Despensa,icon_despensa
09ca6b9f-d3ca-4957-b093-ea53232a6dcd,Escritório,icon_escritorio
3033e3c6-1425-46d5-ae09-b30a9b322649,Cozinha,icon_cozinha
9a507bec-6315-4f85-be8c-ecca988658dc,Magni pequeno,icon_generico
b44d0db2-36cc-4210-aba1-24990ccf22d3,Quarto,icon_quarto
949433a0-d693-45d0-a135-4bd422a4219a,Quae pequeno,icon_generico
2839e729-675e-479c-94e6-23d166f02056,Sala,icon_sala
081eebd6-ac06-4fa8-885c-1ffe9eedb18e,Varanda,icon_varanda
1988c08e-ded1-4d93-8d4c-66dd151e8c6b,Sala,icon_sala
bf726504-b44b-41f1-ad75-bec8630c9378,Quarto,icon_quarto
8c701730-b738-42fc-b702-1d0b947afeac,Sala,icon_sala
90a71b14-4b25-4e02-9f89-45413bf2c492,Minima pequeno,icon_generico
d24a5c0c-a007-45aa-9c67-7fe80f619bd7,Cozinha,icon_cozinha
c6d33734-5873-4681-bd0c-7eeb9be23130,Área de serviço,icon_area_servico
b23af766-4c57-4e59-8554-a0cdbc86c748,Sala,icon_sala
7abc5935-22bc-4450-ad18-61e9ad1383dc,Escritório,icon_escritorio
be275389-4004-403a-976a-060683fd5f1c,Escritório,icon_escritorio
081eebd6-ac06-4fa8-885c-1ffe9eedb18e,Banheiro,icon_banheiro
e67c0029-e805-45a1-b129-533692199aca,Inventore novo,icon_generico
96973166-3cff-4911-875d-c1164f8fab62,Molestias do fundo,icon_generico
a7ce2d82-9086-4305-8f37-475a4309ab7e,Despensa,icon_despensa
a9009e74-662b-44f2-ac28-5cca804a15f4,Beatae pequeno,icon_generico
60a4a187-bac5-4678-b614-cb57c4220408,Sala,icon_sala
ab4ae4e3-7abe-4ae2-be2c-008b4e0d1c64,Banheiro,icon_banheiro
4caa3e3d-5ff5-43cd-84aa-cb85d7f50e2d,Garagem,icon_garagem
4caa3e3d-5ff5-43cd-84aa-cb85d7f50e2d,Banheiro,icon_banheiro
a931eccb-6b04-463d-9512-05547405c831,Despensa,icon_despensa
87ecb332-36f2-46cc-8acf-0c76c2a2318b,Área de serviço,icon_area_servico
312c9d22-4e21-48c8-a377-780e1d1bb819,Fugit de cima,icon_generico
ae72cf8d-5c4c-4a9d-9fde-7d81b6252389,Sala,icon_sala
ec25b5be-ddfc-4f6b-aa31-09f4760da32b,Área de serviço,icon_area_servico
73972ed8-cbf5-4a72-a801-9f1ad4b482d6,Sed de cima,icon_generico
1c041262-9fd1-45ff-8e57-ee76fb8ba285,Banheiro,icon_banheiro
97cceacf-9efe-47d0-9c92-680be618999e,Despensa,icon_despensa
328594d8-eeb2-4af4-b090-55008c148c86,Vel novo,icon_generico
2df54ffe-f84b-4c0c-8446-c990b3fcaa6c,Ex de cima,icon_generico
286da6bd-ede7-4f9b-8291-2cb3b944f884,Nulla novo,icon_generico
7abc5935-22bc-4450-ad18-61e9ad1383dc,Lavanderia,icon_lavanderia
c6d33734-5873-4681-bd0c-7eeb9be23130,Sala,icon_sala
f32fb92f-0f6d-49f7-83c6-0ad60ef57fbc,Cozinha,icon_cozinha
eccc6038-d222-43c1-86a3-4558e6faeeac,Despensa,icon_despensa
9bbec090-7f7f-4652-a695-dbb72e3680b3,Garagem,icon_garagem
6cf88148-2ee6-4e84-b739-3153a88f306e,Área de serviço,icon_area_servico
380bf691-be2c-41a8-b213-351f84503dc5,Tempore do fundo,icon_generico
17af7821-1f96-4b83-8425-524ff000a9c8,Sala,icon_sala
fe011933-82e1-4a47-912c-ef11376e2c85,Despensa,icon_despensa
a26bcd25-f2fe-4e10-b731-580b895778ea,Banheiro,icon_banheiro
dd489b8e-0e36-45d2-83fd-41242c527d26,Escritório,icon_escritorio
d2cc5ee9-3d45-4d89-bb85-60e3d7121ed7,Garagem,icon_garagem
bf726504-b44b-41f1-ad75-bec8630c9378,Área de serviço,icon_area_servico
e7fcb707-3b47-4409-b87d-250a23ac4513,Possimus de cima,icon_generico
e5fa102d-55a9-43f0-bad1-87fb943bc29e,Escritório,icon_escritorio
6faca5e1-2c63-4f7f-bcc9-ed020980408a,Banheiro,icon_banheiro
87e31d01-e9a0-40e1-8aea-0f755beadb9e,Área de serviço,icon_area_servico
58dbba7a-5653-4161-b5e0-364db905ccf7,Escritório,icon_escritorio
a291f3aa-c3f7-4727-8551-fcc3e03ca6f5,Quarto,icon_quarto
1df79161-fb92-483f-a60a-f61354f940b9,Varanda,icon_varanda
592e0464-2e8a-430f-8797-2b30b890de55,Cozinha,icon_cozinha
fe122de8-f338-46fc-8da3-2a24410e09a7,Despensa,icon_despensa
4c2a1fa7-99d4-424a-b64f-6864314a080a,Escritório,icon_escritorio
69e5f76c-d218-498a-aee7-2618ae9ffdc4,Despensa,icon_despensa
eab32f91-265b-4492-9f59-fc95164606dd,Banheiro,icon_banheiro
556ff116-9b4d-4d14-b2a6-678a57b98a7b,Banheiro,icon_banheiro
286da6bd-ede7-4f9b-8291-2cb3b944f884,Banheiro,icon_banheiro
03448e93-a59e-4f5a-9a3b-9500e758f9e2,Lavanderia,icon_lavanderia
30aa37ac-04aa-4b50-840d-13ba74fa752f,Sala,icon_sala
18b45a67-54d9-4659-86d2-6b687ed8316d,Banheiro,icon_banheiro
5ceb6d17-5a9f-4528-b1d0-9686e7375964,Praesentium do fundo,icon_generico
16f56179-e43b-4f1e-9387-70e570357927,Varanda,icon_varanda
4655478a-d5e3-40af-a9c9-f1c701f2e84a,Cozinha,icon_cozinha
f1449dff-8c1c-4f63-9417-6b7c204178c1,Escritório,icon_escritorio
bb5e389e-a301-4405-b816-4afec5b7fae1,Lavanderia,icon_lavanderia
701876db-8a0e-4f16-aeeb-652b27ec5298,Área de serviço,icon_area_servico
5ece15d3-59ef-4a86-a227-a15788e8905c,Banheiro,icon_banheiro
0a11f1fd-1058-4916-a559-aa6a8b457785,Cozinha,icon_cozinha
031dfb8d-8fd8-4a43-a979-d8f939489159,Lavanderia,icon_lavanderia
e0abbf4d-e31e-4b17-b14b-88ce46104b6e,Quarto,icon_quarto
7abe9465-d12d-4479-8a68-a1e850729c75,Sala,icon_sala
a26bcd25-f2fe-4e10-b731-580b895778ea,Quo pequeno,icon_generico
2d5eb61d-a398-484f-ae83-49119ec51bec,Despensa,icon_despensa
8e8f6691-95cf-49d6-a1d3-2e5b9565efc1,Varanda,icon_varanda
ba8a5c7e-be6c-4028-b451-f6ca148e3ef0,Quarto,icon_quarto
ae793605-1fb5-4fa5-9690-28855f045322,Garagem,icon_garagem
dfbc9f96-4cba-4169-9dd2-eda7ce0ceea6,Illum do fundo,icon_generico
f4e67f72-6a5d-4101-9183-2605a6d027cc,Despensa,icon_despensa
f317e1a0-5033-453f-bbf7-96882dc4a218,Cozinha,icon_cozinha
99cc4ac2-ec12-496b-a8f0-5f106ede9a5f,Garagem,icon_garagem
93a5da56-3171-4e2f-9008-7c79906abf54,Sala,icon_sala
dbeb18b9-c74e-4112-8f39-be7416d6ef98,Garagem,icon_garagem
762488d1-cbe2-4495-be4a-7ede94dff51b,Lavanderia,icon_lavanderia
1e599cd2-2942-4c85-a68e-81be11cc3520,Despensa,icon_despensa
c50225b4-c6f6-45f1-89f2-b39b97d2f083,Numquam de cima,icon_generico
030c3f95-0c99-4737-822d-1a6c266c517d,Dolorum pequeno,icon_generico
fade8fca-4f5f-4cd7-8596-d375fac09b24,Cozinha,icon_cozinha
f6bc5117-4b5c-4a3c-8c0b-e889aa888ce9,Sala,icon_sala
749f7809-7702-43c6-a602-1a6646213122,Cozinha,icon_cozinha
dd80b7ef-d9b6-4296-aabc-f891b3f5ba92,Área de serviço,icon_area_servico
c69a3087-d2e0-44c2-80c3-9c9b3f6a750f,Quarto,icon_quarto
a0ec9bff-a36b-4895-a5ee-ec90906d0dda,Lavanderia,icon_lavanderia
1ed4909f-069e-4be1-9349-ee8400d7a3b5,Cum do fundo,icon_generico
4d8aca0a-f334-4de3-bbf4-9b16f43f3e82,Varanda,icon_varanda
e6a332bc-004a-434e-8b79-30c40727e646,Quarto,icon_quarto
24dbcb5c-ad6d-4306-b049-f8676f76fcee,Lavanderia,icon_lavanderia
09ca6b9f-d3ca-4957-b093-ea53232a6dcd,Garagem,icon_garagem
a98822a0-c657-46ca-96df-9e4554d57ae8,Doloribus pequeno,icon_generico
1ed4909f-069e-4be1-9349-ee8400d7a3b5,Garagem,icon_garagem
f5acbccb-c870-4638-8bc9-caae72196d5c,Consectetur de cima,icon_generico
312c9d22-4e21-48c8-a377-780e1d1bb819,Lavanderia,icon_lavanderia
d1ff0b75-e4f0-49d5-8f70-5474a0b78526,Garagem,icon_garagem
21a96ec5-dd90-4ccb-9fc7-2b34be0cfd71,Despensa,icon_despensa
f1449dff-8c1c-4f63-9417-6b7c204178c1,Temporibus novo,icon_generico
17f25ddd-0cff-46b3-a69e-13456ff59e31,Garagem,icon_garagem
a9dea2ec-365e-43dd-84aa-92757d64887e,Varanda,icon_varanda
6ac86006-dba5-40bd-a8ff-f32366d8dea1,Despensa,icon_despensa
c0c94f10-c6bb-47c6-8d01-49fedcf49666,Varanda,icon_varanda
29ba2912-ac35-48fc-9da1-b4233bab62f0,Cozinha,icon_cozinha
99ae03ed-8ee2-4e85-96ac-b05a0fcf0853,Despensa,icon_despensa
3418c9a7-a767-41d6-948d-3ca97aeb0e63,Área de serviço,icon_area_servico
384ea9fb-2376-4467-b9f9-9fa37b712daf,Área de serviço,icon_area_servico
b1859c89-489a-453c-9ef8-81de5e4ab5dd,Lavanderia,icon_lavanderia
3f379d9e-94e6-46bc-88ae-3cd6a8134236,Despensa,icon_despensa
e2796c2e-0d4e-42fd-8a27-1422442a8a36,Lavanderia,icon_lavanderia
854f473e-ed81-42bd-80cb-b7bd0ff5f540,Quarto,icon_quarto
0e73b162-2017-490d-bcf3-c0abd96f7e99,Sala,icon_sala
54b1f6c5-d472-4fd3-8ae9-a04d86a2fb8e,Cozinha,icon_cozinha
d111f1ff-efa6-43b4-b810-3c3c53cf07ec,Despensa,icon_despensa
32d091a4-9360-4988-a91e-e4390f937936,Excepturi de cima,icon_generico
b3b9f38b-efa2-4b4b-88b1-33a8939f47af,Varanda,icon_varanda
33ca8c69-f322-401f-89f3-ebd2ddb8d39b,Banheiro,icon_banheiro
c69a3087-d2e0-44c2-80c3-9c9b3f6a750f,Cozinha,icon_cozinha
9ad4a89f-3f6c-4953-aacb-00d2c733364c,Lavanderia,icon_lavanderia
c6764289-640e-426a-ba11-d85a0a1a1520,Garagem,icon_garagem
a2502865-2ee4-4d98-9d66-8b1a01dbce23,Tempora novo,icon_generico
88e796ea-4e03-4cf3-9ea9-0e444ca38e9b,Garagem,icon_garagem
425214db-e8a7-405f-8597-5697a8df6f9d,Quarto,icon_quarto
8f0a4285-0852-4fe9-953d-75f69ebc84dd,Varanda,icon_varanda
a291f3aa-c3f7-4727-8551-fcc3e03ca6f5,Área de serviço,icon_area_servico
c0c94f10-c6bb-47c6-8d01-49fedcf49666,Escritório,icon_escritorio
c8554643-8483-4e98-bea9-6f93aeb537ea,Despensa,icon_despensa
ad55d5d4-a8c4-4a14-a620-8dcf60d72eab,Área de serviço,icon_area_servico
16f56179-e43b-4f1e-9387-70e570357927,Fuga do fundo,icon_generico
f34e6f15-295b-4509-8517-b5c39359c705,Banheiro,icon_banheiro
87ecb332-36f2-46cc-8acf-0c76c2a2318b,Banheiro,icon_banheiro
04002026-3098-4543-a997-99186e86abf6,Escritório,icon_escritorio
c297041f-f976-49ca-9f2a-70c97fa75233,Varanda,icon_varanda
dd7b6587-d3e9-40bb-9a71-051c803921d9,Lavanderia,icon_lavanderia
5f055086-b01c-4608-9c3c-bb2c23d52b4b,Dolores novo,icon_generico
d548a0b0-9154-46a0-ad8b-3968855850d7,Garagem,icon_garagem
081eebd6-ac06-4fa8-885c-1ffe9eedb18e,Lavanderia,icon_lavanderia
1e160b7d-d482-4a55-b15e-c2dad702bf58,Lavanderia,icon_lavanderia
65682f54-8240-48b6-8661-f5ee8bd057e6,Área de serviço,icon_area_servico
fc781ae8-a4fb-4af4-b4a7-c88fba063459,Garagem,icon_garagem
862eefb1-d9e3-4197-a7dc-b757c5f99a91,Reiciendis pequeno,icon_generico
6c63c34e-8665-4aa1-bb92-37fb452bd3fb,Despensa,icon_despensa
8142eb47-fc4a-4cd8-965a-9397acebcb80,Lavanderia,icon_lavanderia
ad55d5d4-a8c4-4a14-a620-8dcf60d72eab,Área de serviço,icon_area_servico
05d5e77d-9c7f-4e02-a149-b4b467c615ee,Banheiro,icon_banheiro
5b6350b4-4eb1-438f-a567-8cf94553e7df,At novo,icon_generico
4b042edc-67f5-4de9-8442-4d496e0d32cf,Banheiro,icon_banheiro
18b45a67-54d9-4659-86d2-6b687ed8316d,Garagem,icon_garagem
a7ce2d82-9086-4305-8f37-475a4309ab7e,Varanda,icon_varanda
5879e152-71b1-4d57-9a75-55de2dda3c1a,Dolores de cima,icon_generico
56d20d86-d38f-4945-a6b3-9633dcc6d37e,Voluptatem de cima,icon_generico
729a71ce-ceee-4947-971d-fd5a973dbe9c,Quarto,icon_quarto
bcea4616-e1b1-4e9b-b760-b2bc4766fb02,Doloremque pequeno,icon_generico
513363e7-ee67-4c7d-b41d-813e03efd73c,Despensa,icon_despensa
1110603a-8cb7-448c-95fd-1937dcf09b4b,Lavanderia,icon_lavanderia
44a91c3c-b712-4112-b054-da083aec648d,Sunt de cima,icon_generico
50ab8df4-2820-425a-a686-2e249ff71fe5,Fugit do fundo,icon_generico
74c1db9b-887d-43fa-9c49-8eeeb5092c5c,Cozinha,icon_cozinha
69a025d3-aeb1-41aa-ad16-12d10d838928,Sala,icon_sala
24dbcb5c-ad6d-4306-b049-f8676f76fcee,Quarto,icon_quarto
bd895ae9-a2c4-4052-ab6d-42fc847870bb,Garagem,icon_garagem
dd30bc3d-6a48-4cd4-8950-cb0af2eaf2e0,Quarto,icon_quarto
5a3eafa3-a5b3-46e9-b165-895152c91b27,Cozinha,icon_cozinha
344b0e1c-5809-4249-b922-9c2bc4b57a6c,Vel novo,icon_generico
b81277bb-06bf-4192-8ab6-fc0eece5a763,Varanda,icon_varanda
3a8b7deb-430e-4442-9fea-d88940ab61bd,Área de serviço,icon_area_servico
af3addde-2583-4eb6-bdeb-52c1e5d951e8,Quia de cima,icon_generico
3196c790-903a-4961-9274-5a0de4a6966a,Facilis do fundo,icon_generico
06e27e05-006b-40b4-b95e-9faa82410ad2,Banheiro,icon_banheiro
116c66c8-1330-4045-bb8a-f7b75233afa7,Asperiores do fundo,icon_generico
669f4407-d296-43fd-844d-85d6cc383ebb,Distinctio pequeno,icon_generico
5ece15d3-59ef-4a86-a227-a15788e8905c,Architecto pequeno,icon_generico
ae827162-e014-437f-b797-9d632d0d5027,Garagem,icon_garagem
3a140f61-265a-47b8-ad50-4cd6aaf30018,Varanda,icon_varanda
552458c2-d0f5-43b4-b937-f3c7814c0eed,Despensa,icon_despensa
1e599cd2-2942-4c85-a68e-81be11cc3520,Varanda,icon_varanda
86b25c8a-1552-4aa2-9420-8fdc4b24375d,Cozinha,icon_cozinha
359847cd-0748-400b-ae1b-55dc0b3f1596,Sala,icon_sala
8e6e30ac-5a9f-493a-9b1e-036703b29ac4,Escritório,icon_escritorio
273c9aaf-6e9e-425a-9407-5f38d6713c6c,Voluptatum de cima,icon_generico
f6bc5117-4b5c-4a3c-8c0b-e889aa888ce9,Cozinha,icon_cozinha
a235f77d-3a6b-4ad7-8f6a-bd37c36dc5d3,Sala,icon_sala
08881b5f-1068-4692-84f1-c3bf5cff5401,Lavanderia,icon_lavanderia
c298fcde-83e1-42f8-8907-e9932605ae31,Lavanderia,icon_lavanderia
fade8fca-4f5f-4cd7-8596-d375fac09b24,Cozinha,icon_cozinha
8d4c549a-0ecb-4b0c-b2d9-3e5ed45a130a,Área de serviço,icon_area_servico
0acbdf2f-525e-4e92-acda-91a861e2010c,Lavanderia,icon_lavanderia
8198ffdb-63e9-497e-82a7-4b8f11d2b7c5,Quarto,icon_quarto
ef817eec-2e97-47f4-b566-755525d47dc5,Despensa,icon_despensa
58464091-6d22-4e13-918a-77adfc599820,Varanda,icon_varanda
b1ecb338-a460-4b5a-9d61-7c7211f0e2dd,Área de serviço,icon_area_servico
87ecb332-36f2-46cc-8acf-0c76c2a2318b,Área de serviço,icon_area_servico
dfbc9f96-4cba-4169-9dd2-eda7ce0ceea6,Magni novo,icon_generico
384ea9fb-2376-4467-b9f9-9fa37b712daf,Quarto,icon_quarto
3028e70b-582a-4981-8e29-4507594360bd,Harum pequeno,icon_generico
ed236fd7-4bac-4a44-ab68-6f98aad57343,Lavanderia,icon_lavanderia
2cda7d7b-c758-4666-a6eb-2f6748f7d31e,Ab de cima,icon_generico
76b416de-d871-42b6-8f55-1388c24e2ae6,Sala,icon_sala
8f0a4285-0852-4fe9-953d-75f69ebc84dd,Cozinha,icon_cozinha
5541afb3-f20b-4fc7-a331-b4d2338cd3e0,Cozinha,icon_cozinha
90a17502-ce2e-4ced-8b4f-6a78db527837,Banheiro,icon_banheiro
b812e1de-fced-47aa-8a04-0451a29bf24c,Despensa,icon_despensa
7e488994-b187-4e97-8d33-d37248b3317a,Escritório,icon_escritorio
083f8ed4-934a-44f4-a3dd-b92b8d53ac52,Garagem,icon_garagem
1bbacedf-cab8-48ae-88b5-58402be94462,Sala,icon_sala
1f18d86e-b802-4011-9007-3275fdb8c517,Quarto,icon_quarto
cd57dd02-cad5-48ff-9db2-c2d8e3812ecc,Itaque do fundo,icon_generico
39202efd-4ab2-48b8-a34d-bcbe0038ac44,Escritório,icon_escritorio
2ee413a5-f8b8-4747-80eb-9d2b972fd222,Área de serviço,icon_area_servico
db9a8233-883f-4862-9d42-c032ed795cda,Doloribus de cima,icon_generico
09958964-8dcb-418c-9a8c-0ab5adc2c438,Sala,icon_sala
fe2a0aac-dbd3-4eb4-add2-7f147a2185d8,Dolorum pequeno,icon_generico
a1c5f785-ff1b-4f58-989f-ec4b1efaec52,Porro novo,icon_generico
14f4b5a5-0886-4b26-8743-6a45cfc31cac,Área de serviço,icon_area_servico
21b437be-b75d-4cb7-a567-5caeb2b560ab,Banheiro,icon_banheiro
6cf88148-2ee6-4e84-b739-3153a88f306e,Banheiro,icon_banheiro
f34e6f15-295b-4509-8517-b5c39359c705,Sala,icon_sala
f74f5e83-8642-4d36-8c04-e07aad555111,Despensa,icon_despensa
3d393ce4-df14-462f-bae4-d379b4c40854,Despensa,icon_despensa
6de9823a-0277-44d3-bfae-48fed86e6320,Lavanderia,icon_lavanderia
6de9823a-0277-44d3-bfae-48fed86e6320,Sala,icon_sala
68d2e95e-21c1-4908-93ae-dc1b3d866b4f,Sala,icon_sala
961bf1f7-c6fd-4d10-abc2-9d7ee2d0ac46,Garagem,icon_garagem
32bc86a7-dfd4-41ba-9635-39c8afd50a1c,Despensa,icon_despensa
fc28302d-7292-4119-90c5-9171ef5d1b82,Lavanderia,icon_lavanderia
a5b47e9b-a77e-4cf6-84d2-c07c52e512ed,Sala,icon_sala
fec50f65-1a17-4abd-8299-03db7039728e,Escritório,icon_escritorio
6fe6aae6-3449-489a-b7b9-248afb4cde9b,Lavanderia,icon_lavanderia
150c8fa2-c048-4f86-a750-b24194b64093,Quarto,icon_quarto
33ca8c69-f322-401f-89f3-ebd2ddb8d39b,Área de serviço,icon_area_servico
9ca0b24e-dffd-41e0-86f6-2af97c1cfca2,Despensa,icon_despensa
51444dff-37f4-4121-acad-d90b8d2d049d,Officia de cima,icon_generico
0eda27fc-43b8-4e99-9492-119d114bfad4,Banheiro,icon_banheiro
09ca6b9f-d3ca-4957-b093-ea53232a6dcd,Banheiro,icon_banheiro
d24a5c0c-a007-45aa-9c67-7fe80f619bd7,Aspernatur do fundo,icon_generico
8ea59adb-8e00-4015-85ff-a924ac227286,Garagem,icon_garagem
df4c9368-d451-438b-be4a-d58541fb2f69,Garagem,icon_garagem
0265d8e0-401c-48d9-8e89-e6645a2f7ad8,Quarto,icon_quarto
e6c72a24-f560-4936-ab4a-04b209dc9b56,Despensa,icon_despensa
3088f6eb-5d83-4612-82c7-9d8bbb36481c,Sala,icon_sala
b1a077b3-f170-4a7a-8e9f-3025fa9ede51,Área de serviço,icon_area_servico
860b2f4a-31d7-4557-b62b-2d552409856a,Banheiro,icon_banheiro
f2904741-7da2-4dbd-a299-812b9cb97712,Magni pequeno,icon_generico
150c8fa2-c048-4f86-a750-b24194b64093,Despensa,icon_despensa
64099c56-b54b-49a8-ac70-d2aedc801b22,Banheiro,icon_banheiro
8ea59adb-8e00-4015-85ff-a924ac227286,Escritório,icon_escritorio
f6bc5117-4b5c-4a3c-8c0b-e889aa888ce9,Quarto,icon_quarto
01c26512-dd19-4851-a132-efbc5ff9c115,Área de serviço,icon_area_servico
30079e06-c7b8-4e11-b011-0e41034cd120,Sala,icon_sala
75909ce9-158b-4590-9b97-beb11ef84e6a,Sala,icon_sala
cef93463-dd50-4be9-bf8b-a8e7222c07ea,Lavanderia,icon_lavanderia
bb499dd1-390b-4f9e-83e4-d307ca6e55ba,Área de serviço,icon_area_servico
836cd428-a463-40a2-bfff-368351cb9af4,Impedit pequeno,icon_generico
fb02eb70-cac5-484e-ad8b-d02fc9af9d2e,Varanda,icon_varanda
4efe707a-44f8-47e1-a7d2-3548c5a25e42,Sala,icon_sala
44a91c3c-b712-4112-b054-da083aec648d,Nam do fundo,icon_generico
0d01b833-73e9-4f1d-909b-4dee000b60df,Sala,icon_sala
3033e3c6-1425-46d5-ae09-b30a9b322649,Cozinha,icon_cozinha
5ceb6d17-5a9f-4528-b1d0-9686e7375964,Banheiro,icon_banheiro
372695c9-b5f7-429e-881a-e962a2edd197,Escritório,icon_escritorio
e318168d-2faa-4e80-9377-66abf49802c9,Varanda,icon_varanda
c88dd68f-6d65-4b12-b4ac-7593d2825b5e,Sala,icon_sala
dd7b6587-d3e9-40bb-9a71-051c803921d9,Garagem,icon_garagem
a02713ee-fb38-4246-a68d-42dd4c5da792,Quarto,icon_quarto
4ccde575-fecd-4d90-aae5-4556308fe819,Área de serviço,icon_area_servico
7a260fc2-9a1b-4628-9355-ec9154910d94,Lavanderia,icon_lavanderia
23aadee0-44f4-4e51-98bb-31b8344c168b,Quarto,icon_quarto
ffb5b655-969d-42be-bbd8-93109f6e2d5e,Sala,icon_sala
10d94225-1812-495a-b6cd-cd5875dffe05,Sala,icon_sala
a235f77d-3a6b-4ad7-8f6a-bd37c36dc5d3,Escritório,icon_escritorio
79afc5b7-d0df-405d-868d-c63181341d8e,Sala,icon_sala
0cf2cc85-2ea6-4e79-b5bf-bd44dc85d15f,Qui do fundo,icon_generico
380bf691-be2c-41a8-b213-351f84503dc5,Despensa,icon_despensa
df7cbedc-ae44-49c0-a2bc-ea192890f66f,Lavanderia,icon_lavanderia
f9985273-e92b-4962-9b97-d3853c63aa9c,Quarto,icon_quarto
1cc71767-b0d4-409c-8328-43d24481f901,At do fundo,icon_generico
384ea9fb-2376-4467-b9f9-9fa37b712daf,Maiores do fundo,icon_generico
c17d2231-ff81-493b-b06c-7c15c9964a0a,Quarto,icon_quarto
c8c539ba-01eb-424c-a260-e77b1e4307c2,Despensa,icon_despensa
d9c6e3d6-1433-49ca-8092-79df350a8548,Escritório,icon_escritorio
fec50f65-1a17-4abd-8299-03db7039728e,Cozinha,icon_cozinha
368d98d8-5043-44b1-be8d-d744d8c04987,Despensa,icon_despensa
96973166-3cff-4911-875d-c1164f8fab62,Garagem,icon_garagem
43b44bb9-b13c-42a8-b3ee-d173da30691a,Garagem,icon_garagem
bcea4616-e1b1-4e9b-b760-b2bc4766fb02,Quarto,icon_quarto
f74f5e83-8642-4d36-8c04-e07aad555111,Garagem,icon_garagem
b01fc9a3-c962-4be7-ba4f-898fdcebe87a,Garagem,icon_garagem
5b6350b4-4eb1-438f-a567-8cf94553e7df,Banheiro,icon_banheiro
e6c72a24-f560-4936-ab4a-04b209dc9b56,Molestias pequeno,icon_generico
b2890de3-5b29-4e87-bb91-90b10353b881,Garagem,icon_garagem
f3d2d7bc-6c36-4b22-b732-4f336191cc9f,Despensa,icon_despensa
a4ada64d-cb01-4fa8-a519-713cb9e03d66,Quarto,icon_quarto
09ca6b9f-d3ca-4957-b093-ea53232a6dcd,Despensa,icon_despensa
39dda627-a387-4286-afff-2db310922db8,Repudiandae novo,icon_generico
36d59e41-7873-4968-8d55-c79f5a7c1716,Voluptatibus novo,icon_generico
ba0a6677-31ca-440e-8552-27482ce1fb47,Área de serviço,icon_area_servico
4ff93caa-37b0-4d4a-88b2-9d4d983f7ec9,Laudantium novo,icon_generico
dd30bc3d-6a48-4cd4-8950-cb0af2eaf2e0,Escritório,icon_escritorio
4ff93caa-37b0-4d4a-88b2-9d4d983f7ec9,Sala,icon_sala
9af31be7-4a81-4f6f-963d-cc8cc724fc75,Rem novo,icon_generico
2339e168-afd8-4f37-8126-5984eb0b8c19,Área de serviço,icon_area_servico
c257dad7-0724-46e4-a543-b12a12929859,Velit de cima,icon_generico
e45321fc-eb4d-447a-bebb-07c03e7dc653,Sit pequeno,icon_generico
c975236b-04f4-47ea-8d84-fe3b6f062f6d,Aspernatur de cima,icon_generico
3196c790-903a-4961-9274-5a0de4a6966a,Escritório,icon_escritorio
4d43de20-6a3b-41bb-9ac2-5518ac4baab0,Despensa,icon_despensa
a690bac6-bac5-420e-92a4-a709839e664e,Animi pequeno,icon_generico
ee376c93-8a2d-4fa1-9da7-a0f4df0ee124,Banheiro,icon_banheiro
bf9a7a67-3a4d-4218-a993-3c15f138e355,Garagem,icon_garagem
ae5cf651-5652-40e7-b4d2-329c5b117697,Quaerat do fundo,icon_generico
fc4714a6-0f0b-4455-a26e-963c0eeca514,Varanda,icon_varanda
c0c94f10-c6bb-47c6-8d01-49fedcf49666,Varanda,icon_varanda
a3c01260-1ed0-4e8a-ae9d-a2ba3114aa96,Cozinha,icon_cozinha
5f8d7f3a-71ee-4b6f-bf15-97f014fd8d22,Consequuntur do fundo,icon_generico
1065d235-424c-4397-a8a1-06c5c0a932a7,Porro novo,icon_generico
f92b8edb-e109-4a11-b146-085d54e3b81e,Quarto,icon_quarto
66e0d96f-a678-4c10-942a-398e90aeb7cb,Banheiro,icon_banheiro
80a97046-f9cb-4909-b504-6bb50a799058,Sala,icon_sala
5f9c6f31-6b82-4169-a96f-c367a46b41f0,Lavanderia,icon_lavanderia
836cd428-a463-40a2-bfff-368351cb9af4,Banheiro,icon_banheiro
9ade42d8-b952-4480-b5fa-c66c6998d5cd,Lavanderia,icon_lavanderia
fc781ae8-a4fb-4af4-b4a7-c88fba063459,Despensa,icon_despensa
dd7b6587-d3e9-40bb-9a71-051c803921d9,Escritório,icon_escritorio
ad0f0eac-4dab-4054-9f14-17efa01deff2,Área de serviço,icon_area_servico
76b416de-d871-42b6-8f55-1388c24e2ae6,Sala,icon_sala
db9a8233-883f-4862-9d42-c032ed795cda,Área de serviço,icon_area_servico
e39d303b-caaf-4f58-98a1-57574a6d4ebf,Despensa,icon_despensa
d94853ce-0d30-498f-9c8d-e654f3f822df,Área de serviço,icon_area_servico
0d01b833-73e9-4f1d-909b-4dee000b60df,Aliquam pequeno,icon_generico
3a140f61-265a-47b8-ad50-4cd6aaf30018,Perferendis pequeno,icon_generico
7cbdaca5-67be-416a-ae62-4a667ed47270,Varanda,icon_varanda
4898f4db-e2c2-4a69-b18e-2c29879a8638,Despensa,icon_despensa
db4b2269-425d-4115-bf4c-c3a9d65f881c,Cumque de cima,icon_generico
3f6564a4-74dc-40de-9ac0-e28d98cf9912,Sala,icon_sala
f3c93275-5410-43ce-afa4-17b05652c3b5,Área de serviço,icon_area_servico
bce43394-5f56-49e5-97cc-495aa26bfed7,Garagem,icon_garagem
3bad19f6-28bb-430e-bc22-f3ec23f06e4e,Lavanderia,icon_lavanderia
99fc1219-11a9-409a-b82b-3c7264607418,Escritório,icon_escritorio
17920402-5fe5-4052-a476-802f75a54f19,Lavanderia,icon_lavanderia
9b38e60e-f280-476e-b91c-85963ebc7695,Cozinha,icon_cozinha
d51d4fe8-421a-427c-a7af-ff0fe4e3e18e,Varanda,icon_varanda
a5e512a3-aa73-44ab-9cee-dfbaddbb409a,Cozinha,icon_cozinha
739fef8f-bad7-41e1-9e72-f6e3fe881bbe,Eum do fundo,icon_generico
9f26580d-168d-4bef-adf5-7187ae517555,Varanda,icon_varanda
3f379d9e-94e6-46bc-88ae-3cd6a8134236,Escritório,icon_escritorio
a983faae-e2bc-47fe-9093-407016056ae8,Área de serviço,icon_area_servico
a983faae-e2bc-47fe-9093-407016056ae8,Cumque de cima,icon_generico
592262e8-10cf-496b-acd7-960851a6d1cb,Escritório,icon_escritorio
a9ba88d1-a07f-4095-98e1-371b0cc50416,Lavanderia,icon_lavanderia
3f379d9e-94e6-46bc-88ae-3cd6a8134236,Área de serviço,icon_area_servico
d6d14ab5-cd63-4965-b749-9e00229ffa0b,Lavanderia,icon_lavanderia
71414e20-b05d-4145-8762-1a47f83e001f,Banheiro,icon_banheiro
ffadf976-6cc9-485b-a8c8-bc24a76ee434,Banheiro,icon_banheiro
f2904741-7da2-4dbd-a299-812b9cb97712,Despensa,icon_despensa
d81d9b8e-8e85-406f-8bf7-d52e2682d238,Escritório,icon_escritorio
8da20aad-5230-43eb-aac3-e93f8e670a54,Garagem,icon_garagem
106688ac-1725-4b77-82f4-9d2cf5fdd450,Lavanderia,icon_lavanderia
fe04a939-6a1a-4e46-ad39-517f3504de1c,Despensa,icon_despensa
38b57819-9a58-4c30-8197-ab917a30f9d5,Quarto,icon_quarto
4109dae2-64f1-4eff-aca9-1bbe95d21702,Despensa,icon_despensa
6707d206-7224-4f35-ac3e-9862ba62e27b,Quarto,icon_quarto
5b761866-2c2c-47ff-8089-e18b3d11011d,Varanda,icon_varanda
ec7ed169-204c-4a5a-92ff-3ba2b474c1e5,Área de serviço,icon_area_servico
c6764289-640e-426a-ba11-d85a0a1a1520,Modi novo,icon_generico
e39d303b-caaf-4f58-98a1-57574a6d4ebf,Garagem,icon_garagem
13d132f0-eea3-4e71-9793-f60e71154160,Corporis novo,icon_generico
f958f398-5d00-4186-aac9-e3f15a5a5a88,Área de serviço,icon_area_servico
45f16876-ecae-4263-9160-3714bed17f2b,Lavanderia,icon_lavanderia
c257dad7-0724-46e4-a543-b12a12929859,Varanda,icon_varanda
93cb90e8-7abc-4613-9819-604cfc27b041,Escritório,icon_escritorio
e8ec3edf-b9a2-410a-a048-9037d311092d,Área de serviço,icon_area_servico
ba0a6677-31ca-440e-8552-27482ce1fb47,Área de serviço,icon_area_servico
31a4e484-c7e9-4e9a-8f95-90765284ca3e,Varanda,icon_varanda
a0ad90be-4a09-4538-9038-88efe8a135e5,Quarto,icon_quarto
8f3b8870-5680-4e9d-8ba8-534728b39157,Quarto,icon_quarto
7cbdaca5-67be-416a-ae62-4a667ed47270,Sala,icon_sala
9c131adc-c875-4b2b-be00-d52406cc5502,Escritório,icon_escritorio
765cba89-3185-42d4-8408-9bea0e9e1860,Garagem,icon_garagem
7e488994-b187-4e97-8d33-d37248b3317a,Área de serviço,icon_area_servico
1f2da23d-b367-4478-bdb9-9d61f00c3052,Lavanderia,icon_lavanderia
328594d8-eeb2-4af4-b090-55008c148c86,Sala,icon_sala
f3deb20e-eaa3-4b9d-8e58-36593bbf568a,Sala,icon_sala
bb1f667b-d805-470c-860b-f05234644899,Lavanderia,icon_lavanderia
d522a2f7-c4fa-4c22-b4cd-39bd583fca52,Accusantium do fundo,icon_generico
011364e7-93a3-43bc-9f21-c4b636d2b0af,Despensa,icon_despensa
deef7f63-f4ec-4873-8204-b360fbe88d93,Deserunt do fundo,icon_generico
5f59f084-8dc5-4ec4-8a50-0e679aaf0674,Despensa,icon_despensa
e2796c2e-0d4e-42fd-8a27-1422442a8a36,Garagem,icon_garagem
87ecb332-36f2-46cc-8acf-0c76c2a2318b,Quarto,icon_quarto
c257dad7-0724-46e4-a543-b12a12929859,Odit do fundo,icon_generico
043fd290-3761-4fc1-bfe9-66785d76613b,Sala,icon_sala
106688ac-1725-4b77-82f4-9d2cf5fdd450,Vitae de cima,icon_generico
9ad4a89f-3f6c-4953-aacb-00d2c733364c,Banheiro,icon_banheiro
37634668-100a-4d10-9b79-4c02a5b53d7c,Quarto,icon_quarto
a2502865-2ee4-4d98-9d66-8b1a01dbce23,Cozinha,icon_cozinha
9f1889f6-fb8c-4828-a361-d98c2a443bee,Sala,icon_sala
3033e3c6-1425-46d5-ae09-b30a9b322649,Lavanderia,icon_lavanderia
c1535afc-c289-4f97-b22c-4f4be64536b1,Sala,icon_sala
5307c230-fdbd-4ed2-89f2-6868059ec625,Ea pequeno,icon_generico
55dea7e1-4676-4f4b-871d-bb09a044ec30,Debitis de cima,icon_generico
208290fe-845e-4135-9668-18d894a3c33a,Despensa,icon_despensa
b1f829f7-1543-4f2d-aa9f-5d632a258c02,Varanda,icon_varanda
9945d86c-0bd9-4b91-8539-83294e256d74,Cozinha,icon_cozinha
575a5fa7-473c-4c91-bc1a-e30f06e1b23f,Varanda,icon_varanda
e3459ddb-90d6-4229-ba4f-36e7341a0a1d,Banheiro,icon_banheiro
deef7f63-f4ec-4873-8204-b360fbe88d93,Varanda,icon_varanda
6504828f-49bb-4c37-bdfa-8b06ae8b7a30,Varanda,icon_varanda
fec50f65-1a17-4abd-8299-03db7039728e,Lavanderia,icon_lavanderia
0eda27fc-43b8-4e99-9492-119d114bfad4,Quarto,icon_quarto
526da896-b5ac-45f0-81fd-f2fc4ed01f06,Natus de cima,icon_generico
762488d1-cbe2-4495-be4a-7ede94dff51b,Escritório,icon_escritorio
c5762b93-7240-43b5-9045-49d9bb9f693f,Garagem,icon_garagem
7eb577fb-e6b2-40df-9f8d-e411925f64df,Escritório,icon_escritorio
f3198346-5903-4239-ba65-bf7bde251752,Garagem,icon_garagem
df7cbedc-ae44-49c0-a2bc-ea192890f66f,Sala,icon_sala
ef817eec-2e97-47f4-b566-755525d47dc5,Escritório,icon_escritorio
4544354c-98a0-458c-a0b0-44cbb72b9727,Escritório,icon_escritorio
10c8e2da-7c77-4fda-ad9a-eeb94c52bbaa,Quarto,icon_quarto
c50225b4-c6f6-45f1-89f2-b39b97d2f083,Cozinha,icon_cozinha
2e6f9242-9493-41ea-8b4b-bbb744ac31f6,Banheiro,icon_banheiro
bd502b3e-2a3f-4ce3-938d-fa4fbf814caf,Non de cima,icon_generico
9eef1b6d-d408-4326-8702-1bd3cf4fbfae,Quarto,icon_quarto
7c6b5e32-3dfb-4c3d-ac63-b684b38eeae2,Sala,icon_sala
37784490-b99e-4c7f-aa90-198c82b3e52e,Facilis novo,icon_generico
ee8f6c4f-ee0f-4762-9ed0-5a6721519c1c,Despensa,icon_despensa
59e9afe1-9e09-4d56-9034-bc622d810f35,Cozinha,icon_cozinha
a13ce51c-481e-42e1-9e30-cc6edec8c18a,Garagem,icon_garagem
a9dea2ec-365e-43dd-84aa-92757d64887e,Área de serviço,icon_area_servico
b7e6d99e-8d79-4eda-95ee-faeeb60716ed,Banheiro,icon_banheiro
854f473e-ed81-42bd-80cb-b7bd0ff5f540,Despensa,icon_despensa
db8a29e3-a2a1-4b50-9178-cc1131f16feb,Sala,icon_sala
9f186b2c-a116-477e-8fea-450db1019130,Suscipit pequeno,icon_generico
da3db4aa-c7f7-448c-ad81-08c8aa627c6a,Despensa,icon_despensa
b8352d77-f5af-4e80-b847-6451b0de11f5,Occaecati novo,icon_generico
0a11f1fd-1058-4916-a559-aa6a8b457785,Officia do fundo,icon_generico
fe37a727-38a4-4722-8475-daa01d0af9d2,Lavanderia,icon_lavanderia
c9e61f76-85ec-4076-b873-01b843524e27,Garagem,icon_garagem
b20f775b-717e-4495-b8fd-570858c1163d,Exercitationem pequeno,icon_generico
88e796ea-4e03-4cf3-9ea9-0e444ca38e9b,Escritório,icon_escritorio
db900675-e8ce-4161-8555-b6185dbf34d2,Despensa,icon_despensa
b3b9f38b-efa2-4b4b-88b1-33a8939f47af,Lavanderia,icon_lavanderia
aabfd5ff-8e52-4ee2-bd39-5a2d1ce226c2,Garagem,icon_garagem
380bf691-be2c-41a8-b213-351f84503dc5,Varanda,icon_varanda
ded91ce5-57b9-465d-9660-3f940853841c,Quis de cima,icon_generico
c8c539ba-01eb-424c-a260-e77b1e4307c2,Área de serviço,icon_area_servico
bb5e389e-a301-4405-b816-4afec5b7fae1,Sala,icon_sala
079e9641-2f83-48fd-8b54-6cab5d42fa86,Cozinha,icon_cozinha
ce625726-b6a1-446c-8384-0be2fa77f9c2,Área de serviço,icon_area_servico
66e0d96f-a678-4c10-942a-398e90aeb7cb,Escritório,icon_escritorio
69800279-487e-4a95-8647-b90a2c7591d8,Cozinha,icon_cozinha
887f8671-e9c4-4d97-a0ca-a462db0fe213,Banheiro,icon_banheiro
71414e20-b05d-4145-8762-1a47f83e001f,Garagem,icon_garagem
86b25c8a-1552-4aa2-9420-8fdc4b24375d,Quibusdam do fundo,icon_generico
5c418b9c-51a7-4534-ab9a-2a885da1ed16,Inventore pequeno,icon_generico
3d393ce4-df14-462f-bae4-d379b4c40854,Escritório,icon_escritorio
50ab8df4-2820-425a-a686-2e249ff71fe5,Escritório,icon_escritorio
52927b83-2998-4c90-94c2-876b6943a922,Área de serviço,icon_area_servico
68d2e95e-21c1-4908-93ae-dc1b3d866b4f,Garagem,icon_garagem
f3cfd2b5-16b3-44cd-a413-97c10a85b1e0,Lavanderia,icon_lavanderia
031dfb8d-8fd8-4a43-a979-d8f939489159,Sala,icon_sala
3aa2f3a7-6416-414a-a685-9fb0411ab314,Varanda,icon_varanda
2e6f9242-9493-41ea-8b4b-bbb744ac31f6,Eveniet de cima,icon_generico
862eefb1-d9e3-4197-a7dc-b757c5f99a91,Escritório,icon_escritorio
c1295ffb-9196-4d9a-a55d-280b7a812618,Garagem,icon_garagem
bce43394-5f56-49e5-97cc-495aa26bfed7,Área de serviço,icon_area_servico
c69a3087-d2e0-44c2-80c3-9c9b3f6a750f,Lavanderia,icon_lavanderia
7abe9465-d12d-4479-8a68-a1e850729c75,Despensa,icon_despensa
3cdcac57-718f-4ca0-aa55-c8b7db2e2613,Escritório,icon_escritorio
7fbc3c8b-c934-4734-b422-024ab6432190,Escritório,icon_escritorio
09ca6b9f-d3ca-4957-b093-ea53232a6dcd,Quarto,icon_quarto
ce9783e5-b5da-48a7-a1d4-9c15b469b2b5,Vitae pequeno,icon_generico
d8480fed-afe4-4667-90f3-6b5defd8ae08,Reprehenderit novo,icon_generico
6de9823a-0277-44d3-bfae-48fed86e6320,Sala,icon_sala
4c2a1fa7-99d4-424a-b64f-6864314a080a,Sala,icon_sala
9610a8ba-5af7-4ee1-b004-e57511dee448,Animi de cima,icon_generico
fc4714a6-0f0b-4455-a26e-963c0eeca514,Banheiro,icon_banheiro
45f16876-ecae-4263-9160-3714bed17f2b,Sala,icon_sala
9945d86c-0bd9-4b91-8539-83294e256d74,Banheiro,icon_banheiro
80a97046-f9cb-4909-b504-6bb50a799058,Occaecati de cima,icon_generico
73faba6f-7fef-4395-a068-4a0b07f8b7f8,Cozinha,icon_cozinha
c50225b4-c6f6-45f1-89f2-b39b97d2f083,Escritório,icon_escritorio
df7cbedc-ae44-49c0-a2bc-ea192890f66f,A do fundo,icon_generico
5879e152-71b1-4d57-9a75-55de2dda3c1a,Varanda,icon_varanda
e06e86b3-6a5a-46de-818d-20f9ab38922b,Área de serviço,icon_area_servico
949433a0-d693-45d0-a135-4bd422a4219a,Área de serviço,icon_area_servico
0acb1de1-5c20-4c59-9e26-d8d2e23070ae,Lavanderia,icon_lavanderia
a26272c8-d5cf-471c-9e8c-952bc09a89b7,Sapiente novo,icon_generico
6a9d7dcc-7c4a-4002-8947-f23577b9ff73,Garagem,icon_garagem
fe04a939-6a1a-4e46-ad39-517f3504de1c,Quarto,icon_quarto
1f2da23d-b367-4478-bdb9-9d61f00c3052,Quarto,icon_quarto
e2796c2e-0d4e-42fd-8a27-1422442a8a36,Banheiro,icon_banheiro
d24a5c0c-a007-45aa-9c67-7fe80f619bd7,Despensa,icon_despensa
323a8bc9-1e64-4dc0-b2e4-41481266d281,Quia de cima,icon_generico
c6d33734-5873-4681-bd0c-7eeb9be23130,Garagem,icon_garagem
c297041f-f976-49ca-9f2a-70c97fa75233,Possimus do fundo,icon_generico
37784490-b99e-4c7f-aa90-198c82b3e52e,Garagem,icon_garagem
80dfccd6-a65d-4f68-a830-67ff89f07988,Área de serviço,icon_area_servico
779e03c2-e78d-4219-91f9-715fa98a71c5,Sala,icon_sala
21432aef-a461-48f8-b957-e320b73f900e,Varanda,icon_varanda
3deb1f8c-caad-4556-92ca-12d22736bed2,Lavanderia,icon_lavanderia
84f6ccec-34f1-4f41-b6b4-0e7d3015074e,Culpa novo,icon_generico
74b3a080-8a9d-44d4-934d-0c972fcff003,Nam pequeno,icon_generico
887f8671-e9c4-4d97-a0ca-a462db0fe213,Quarto,icon_quarto
669f4407-d296-43fd-844d-85d6cc383ebb,Área de serviço,icon_area_servico
52927b83-2998-4c90-94c2-876b6943a922,Quarto,icon_quarto
b01fc9a3-c962-4be7-ba4f-898fdcebe87a,Escritório,icon_escritorio
fe37a727-38a4-4722-8475-daa01d0af9d2,Despensa,icon_despensa
aa41be6f-7dc8-431f-abcc-67fa6fefb57d,Banheiro,icon_banheiro
bf75c163-9129-40cc-8103-42acee634190,Quarto,icon_quarto
17920402-5fe5-4052-a476-802f75a54f19,Quarto,icon_quarto
3cbbb44f-7c4b-4b20-9b2c-f8a9555dd6de,Despensa,icon_despensa
b1f0ad61-a625-46c3-ae39-6739ad1e42a9,Garagem,icon_garagem
17f25ddd-0cff-46b3-a69e-13456ff59e31,Vel novo,icon_generico
749f7809-7702-43c6-a602-1a6646213122,Escritório,icon_escritorio
2db1fbc8-abc8-4532-86e4-43cd4827f668,Cozinha,icon_cozinha
ec25b5be-ddfc-4f6b-aa31-09f4760da32b,Possimus do fundo,icon_generico
9f1889f6-fb8c-4828-a361-d98c2a443bee,Quibusdam de cima,icon_generico
cd57dd02-cad5-48ff-9db2-c2d8e3812ecc,Escritório,icon_escritorio
dfbc9f96-4cba-4169-9dd2-eda7ce0ceea6,Cozinha,icon_cozinha
c88dd68f-6d65-4b12-b4ac-7593d2825b5e,Despensa,icon_despensa
fd0294b4-1046-4497-b7a1-fe4a5bd0cf9d,Garagem,icon_garagem
666da705-7511-44ef-a3ca-78f0c7a34cfc,Cozinha,icon_cozinha
a6f87933-e7d3-4955-a2aa-5e11fc6fb557,Sala,icon_sala
d0798852-9d8e-4b2f-b101-5ff70f7c5002,Cozinha,icon_cozinha
78939c00-3de9-4794-bdc4-448496132bdd,Quas pequeno,icon_generico
d9efe2d8-12ba-44bc-84f6-872042f5be36,Voluptatum de cima,icon_generico
3b7ea6b5-18e3-4dc8-b1e6-87d2c4e2220c,Despensa,icon_despensa
6c63c34e-8665-4aa1-bb92-37fb452bd3fb,Área de serviço,icon_area_servico
854f473e-ed81-42bd-80cb-b7bd0ff5f540,Labore pequeno,icon_generico
b37cf306-097f-4118-8284-fb81bc0ebdf1,Área de serviço,icon_area_servico
e67c0029-e805-45a1-b129-533692199aca,Escritório,icon_escritorio
a7ce2d82-9086-4305-8f37-475a4309ab7e,Debitis de cima,icon_generico
66e41099-7820-4c8d-abd2-a1b39b0c9d28,Banheiro,icon_banheiro
583fac76-4110-402c-8124-62e8b8931415,Área de serviço,icon_area_servico
b51d2198-a3cb-401b-aea2-bedf119c9660,Despensa,icon_despensa
1df79161-fb92-483f-a60a-f61354f940b9,Sala,icon_sala
8da20aad-5230-43eb-aac3-e93f8e670a54,Cozinha,icon_cozinha
652f6405-b2d7-4fec-a69e-7d89866ab0f6,Varanda,icon_varanda
e67c0029-e805-45a1-b129-533692199aca,Varanda,icon_varanda
73faba6f-7fef-4395-a068-4a0b07f8b7f8,Banheiro,icon_banheiro
7fbc3c8b-c934-4734-b422-024ab6432190,Garagem,icon_garagem
29ba2912-ac35-48fc-9da1-b4233bab62f0,Sala,icon_sala
e0abbf4d-e31e-4b17-b14b-88ce46104b6e,Quarto,icon_quarto
daeb5d0d-b99c-4d6b-ad92-42a5a34eafe5,Lavanderia,icon_lavanderia
ae827162-e014-437f-b797-9d632d0d5027,Área de serviço,icon_area_servico
8600ca36-b168-4a05-8db2-4a2e90ce2dc0,Lavanderia,icon_lavanderia
5cb272a1-ed9f-4a9f-99b2-891fc4d5e9f7,Lavanderia,icon_lavanderia
a26272c8-d5cf-471c-9e8c-952bc09a89b7,Cozinha,icon_cozinha
00b674c6-1308-468f-af6e-4221d020452c,Escritório,icon_escritorio
db9a8233-883f-4862-9d42-c032ed795cda,Varanda,icon_varanda
39dda627-a387-4286-afff-2db310922db8,Varanda,icon_varanda
9b38e60e-f280-476e-b91c-85963ebc7695,Garagem,icon_garagem
7fbc3c8b-c934-4734-b422-024ab6432190,Sala,icon_sala
75d7d7bc-502c-4e22-b772-f60947e21c0a,Lavanderia,icon_lavanderia
32d091a4-9360-4988-a91e-e4390f937936,Área de serviço,icon_area_servico
3049257e-15ff-4b4d-b1a5-660509fb30a3,Minima de cima,icon_generico
fd668021-406e-460b-ae8e-9d8c8b94bb2d,Varanda,icon_varanda
d51d4fe8-421a-427c-a7af-ff0fe4e3e18e,Escritório,icon_escritorio
e60c3149-d958-4bca-a6b1-eea73350b75e,Varanda,icon_varanda
a235f77d-3a6b-4ad7-8f6a-bd37c36dc5d3,Cozinha,icon_cozinha
c121b255-89c2-402d-bbae-c007aefcc09a,Garagem,icon_garagem
ea479ec3-7d90-438a-b5b6-4e57620c75ff,Varanda,icon_varanda
431db7c9-57d4-4e26-aede-49953740a3ff,Sala,icon_sala
c121b255-89c2-402d-bbae-c007aefcc09a,Sala,icon_sala
6ac86006-dba5-40bd-a8ff-f32366d8dea1,Quarto,icon_quarto
2293a096-5422-4037-9992-14f0893279f8,Garagem,icon_garagem
ad77574d-a242-4527-8041-b02c29f2f137,Garagem,icon_garagem
fc781ae8-a4fb-4af4-b4a7-c88fba063459,Quarto,icon_quarto
081c8eeb-1ca0-45bf-a81b-a561fba095a5,Varanda,icon_varanda
690414ef-a82d-48fd-b308-f30c4ac4fc77,Escritório,icon_escritorio
7abc5935-22bc-4450-ad18-61e9ad1383dc,Natus do fundo,icon_generico
e0abbf4d-e31e-4b17-b14b-88ce46104b6e,Banheiro,icon_banheiro
a9ba88d1-a07f-4095-98e1-371b0cc50416,Área de serviço,icon_area_servico
10c8e2da-7c77-4fda-ad9a-eeb94c52bbaa,Odio de cima,icon_generico
079e9641-2f83-48fd-8b54-6cab5d42fa86,Iusto do fundo,icon_generico
ce625726-b6a1-446c-8384-0be2fa77f9c2,Cum novo,icon_generico
e98bcb8f-101f-4df0-943d-707c1db9b0a1,Sala,icon_sala
a413f7df-95f8-4156-8af6-d7348e9c269c,Garagem,icon_garagem
14f4b5a5-0886-4b26-8743-6a45cfc31cac,Garagem,icon_garagem
762488d1-cbe2-4495-be4a-7ede94dff51b,Id do fundo,icon_generico
1ed4909f-069e-4be1-9349-ee8400d7a3b5,Quarto,icon_quarto
e2796c2e-0d4e-42fd-8a27-1422442a8a36,Varanda,icon_varanda
612ed041-1f53-43b8-ad98-d085b90f1271,Cozinha,icon_cozinha
8bae4bb8-c475-4108-a8b1-173119a19038,Quarto,icon_quarto
056f95be-937e-4ece-bfd7-957635fe17ca,Sala,icon_sala
02fae9ff-01d4-48b9-a2e5-e7ec716971f1,Escritório,icon_escritorio
ffb5b655-969d-42be-bbd8-93109f6e2d5e,Sala,icon_sala
c88dd68f-6d65-4b12-b4ac-7593d2825b5e,Beatae pequeno,icon_generico
1ac53a10-64d8-4729-a924-f519b322ab6f,Área de serviço,icon_area_servico
b478f25d-639c-4e3a-8098-47cb17dc89cd,Debitis do fundo,icon_generico
f0adbf3d-a69a-46ec-b542-a1a2bb8bfec2,Banheiro,icon_banheiro
a13ce51c-481e-42e1-9e30-cc6edec8c18a,Área de serviço,icon_area_servico
985a8005-a947-4739-b4d8-e886afb1d7c0,Corrupti novo,icon_generico
33e21ef1-b4ae-47fc-9a94-4c2e6ffcd164,Occaecati pequeno,icon_generico
b19d6cdf-2f31-479e-b2ae-0ce7295a566b,Garagem,icon_garagem
2aea98f5-7f95-4bce-9f91-1fc5e9851d82,Varanda,icon_varanda
344b0e1c-5809-4249-b922-9c2bc4b57a6c,Lavanderia,icon_lavanderia
e2796c2e-0d4e-42fd-8a27-1422442a8a36,Sala,icon_sala
bf9a7a67-3a4d-4218-a993-3c15f138e355,Cumque do fundo,icon_generico
99ae03ed-8ee2-4e85-96ac-b05a0fcf0853,Varanda,icon_varanda
9ade42d8-b952-4480-b5fa-c66c6998d5cd,Garagem,icon_garagem
771c7858-d07d-43ce-9ae8-429ba23d3a25,Sala,icon_sala
7ebc01de-9fbb-4bc6-b9be-b8dfceeaa099,Garagem,icon_garagem
575a5fa7-473c-4c91-bc1a-e30f06e1b23f,Cozinha,icon_cozinha
6fe5abd8-ff31-490c-8578-1dc832dcd6ef,Escritório,icon_escritorio
513363e7-ee67-4c7d-b41d-813e03efd73c,Harum pequeno,icon_generico
774e7934-58f9-40bc-b506-d2fecf3fcfd5,Cozinha,icon_cozinha
c298fcde-83e1-42f8-8907-e9932605ae31,Escritório,icon_escritorio
be68a144-230e-49c0-809e-788cb2757e2b,Sala,icon_sala
6bcb4c15-c9b6-4273-b3f5-947eb9767b41,Quarto,icon_quarto
d8c91dfa-f35f-4485-bb27-601d4fa9c81d,Error do fundo,icon_generico
bcea4616-e1b1-4e9b-b760-b2bc4766fb02,Varanda,icon_varanda
541c425b-b147-443b-a660-6628e7538605,Cozinha,icon_cozinha
7abc5935-22bc-4450-ad18-61e9ad1383dc,Sapiente de cima,icon_generico
0c18aeda-96a6-4f7d-9fb7-514a1ed51824,Despensa,icon_despensa
d44221a1-d2a4-4691-8331-4c98ff5c8149,Cozinha,icon_cozinha
76a0c141-2284-4865-aa48-d99091126e1b,Quarto,icon_quarto
9704e2b0-815d-4598-8c1a-e9e389c3f237,Sala,icon_sala
f1fca30f-7820-4ca6-9a21-112760fd3223,Voluptate pequeno,icon_generico
6e3a0ed2-19ba-4d79-bc45-96e459120ec3,Lavanderia,icon_lavanderia
b0c11fc2-8c2d-4877-a942-f3e24f71def2,Esse novo,icon_generico
d0ad1d8b-f9ae-49bf-af19-2ddfb51cc0a7,Atque pequeno,icon_generico
1e599cd2-2942-4c85-a68e-81be11cc3520,Quarto,icon_quarto
7322f656-8329-4be6-af10-c89e13d2c491,Garagem,icon_garagem
69a025d3-aeb1-41aa-ad16-12d10d838928,Perspiciatis novo,icon_generico
9a507bec-6315-4f85-be8c-ecca988658dc,Garagem,icon_garagem
8b13b711-66ef-481b-b326-d9b4da7819af,Lavanderia,icon_lavanderia
264f896a-c311-41af-9f97-15d9bb1b4457,Despensa,icon_despensa
1988c08e-ded1-4d93-8d4c-66dd151e8c6b,Quarto,icon_quarto
71414e20-b05d-4145-8762-1a47f83e001f,Quarto,icon_quarto
2839e729-675e-479c-94e6-23d166f02056,Iste pequeno,icon_generico
e8094344-d4bc-4827-b1ac-656efe0e20ce,Lavanderia,icon_lavanderia
dd489b8e-0e36-45d2-83fd-41242c527d26,Área de serviço,icon_area_servico
8da20aad-5230-43eb-aac3-e93f8e670a54,Banheiro,icon_banheiro
b1859c89-489a-453c-9ef8-81de5e4ab5dd,Est de cima,icon_generico
db2872d7-0219-41ca-8163-97f905c44759,Quod de cima,icon_generico
97db2042-4ffc-4fcb-a7e9-5a36558853ed,Área de serviço,icon_area_servico
f6bc5117-4b5c-4a3c-8c0b-e889aa888ce9,Varanda,icon_varanda
bd895ae9-a2c4-4052-ab6d-42fc847870bb,Sala,icon_sala
f3cfd2b5-16b3-44cd-a413-97c10a85b1e0,Quaerat pequeno,icon_generico
dfe9353b-2d15-4791-943c-aabb1274b31a,Lavanderia,icon_lavanderia
8f2a4a65-e450-4419-b97e-947fba46149e,Quarto,icon_quarto
8c701730-b738-42fc-b702-1d0b947afeac,Lavanderia,icon_lavanderia
056f95be-937e-4ece-bfd7-957635fe17ca,Despensa,icon_despensa
37634668-100a-4d10-9b79-4c02a5b53d7c,Quarto,icon_quarto
95032499-841e-4fe6-aa84-062aa71acfaf,Sala,icon_sala
3088f6eb-5d83-4612-82c7-9d8bbb36481c,Varanda,icon_varanda
8f3b8870-5680-4e9d-8ba8-534728b39157,Sala,icon_sala
1b7b1afe-1205-4830-8a98-e6baa4882402,Quia de cima,icon_generico
d5009c62-90a7-49e5-ba07-ddc818ced17d,Garagem,icon_garagem
76b416de-d871-42b6-8f55-1388c24e2ae6,Quasi do fundo,icon_generico
a9183d6a-8700-40f1-9d35-89b0a7725321,Despensa,icon_despensa
b8f7d735-1bbd-4f52-9a18-8534817d959e,Escritório,icon_escritorio
10213899-097d-485d-af38-621e9ab950c4,Despensa,icon_despensa
4dede585-affe-4746-9e6c-5ef80523975d,Blanditiis novo,icon_generico
802ddca6-f30a-4da3-b43b-1459a5e6489b,Varanda,icon_varanda
063ab5bb-d7df-4ba6-9b4f-0e561baea179,Área de serviço,icon_area_servico
b3b9f38b-efa2-4b4b-88b1-33a8939f47af,Autem pequeno,icon_generico
3f0d7fd2-ea83-4fab-bd5c-385aa63c5a27,Laboriosam de cima,icon_generico
e1f61854-b3c3-41cd-93c3-d4b174ec46aa,Varanda,icon_varanda
1f2da23d-b367-4478-bdb9-9d61f00c3052,Sala,icon_sala
a235f77d-3a6b-4ad7-8f6a-bd37c36dc5d3,Garagem,icon_garagem
8e6e30ac-5a9f-493a-9b1e-036703b29ac4,Garagem,icon_garagem
24aa1d18-6213-4ab4-935a-71cf4e3b0b82,Garagem,icon_garagem
7abc5935-22bc-4450-ad18-61e9ad1383dc,Lavanderia,icon_lavanderia
5f8d7f3a-71ee-4b6f-bf15-97f014fd8d22,Escritório,icon_escritorio
a0dd3cb4-cc14-46e4-a3b0-d876f56c20e8,Garagem,icon_garagem
90a71b14-4b25-4e02-9f89-45413bf2c492,Área de serviço,icon_area_servico
043fd290-3761-4fc1-bfe9-66785d76613b,Quarto,icon_quarto
0988cd47-458a-464f-8d4e-c0584ce36d1a,Lavanderia,icon_lavanderia
3aa2f3a7-6416-414a-a685-9fb0411ab314,Mollitia novo,icon_generico
3098bddf-4a3b-451e-894c-c825abb52f52,Sequi do fundo,icon_generico
0acbdf2f-525e-4e92-acda-91a861e2010c,Área de serviço,icon_area_servico
188e7599-e14b-4ef0-afa0-fad082ac003f,Área de serviço,icon_area_servico
f3198346-5903-4239-ba65-bf7bde251752,Lavanderia,icon_lavanderia
db900675-e8ce-4161-8555-b6185dbf34d2,Área de serviço,icon_area_servico
274f0e26-51f7-461b-b1bb-01d69538ca5d,Escritório,icon_escritorio
a931eccb-6b04-463d-9512-05547405c831,Molestiae do fundo,icon_generico
079e9641-2f83-48fd-8b54-6cab5d42fa86,Cozinha,icon_cozinha
21a96ec5-dd90-4ccb-9fc7-2b34be0cfd71,Sala,icon_sala
2aea98f5-7f95-4bce-9f91-1fc5e9851d82,Ut pequeno,icon_generico
2cda7d7b-c758-4666-a6eb-2f6748f7d31e,Quo novo,icon_generico
867a5d29-27b9-476e-a797-b59f1f0c3665,Quarto,icon_quarto
51444dff-37f4-4121-acad-d90b8d2d049d,Área de serviço,icon_area_servico
1e599cd2-2942-4c85-a68e-81be11cc3520,Escritório,icon_escritorio
d3716140-d1c8-40ec-aeb2-da8789369a75,Despensa,icon_despensa
9123ed10-68e6-4b5b-852d-b445266a0f83,Lavanderia,icon_lavanderia
ffb5b655-969d-42be-bbd8-93109f6e2d5e,Despensa,icon_despensa
083f8ed4-934a-44f4-a3dd-b92b8d53ac52,Garagem,icon_garagem
74c1db9b-887d-43fa-9c49-8eeeb5092c5c,Cozinha,icon_cozinha
5f055086-b01c-4608-9c3c-bb2c23d52b4b,Vero novo,icon_generico
575a5fa7-473c-4c91-bc1a-e30f06e1b23f,Cozinha,icon_cozinha
3518b4b8-44db-4996-891d-33e4879f007d,Sala,icon_sala
1a74f8df-99d2-4d72-bb01-78b21e1da971,Área de serviço,icon_area_servico
03712ffa-219a-440d-bac0-385ceaeaff86,Área de serviço,icon_area_servico
4655478a-d5e3-40af-a9c9-f1c701f2e84a,Lavanderia,icon_lavanderia
ef817eec-2e97-47f4-b566-755525d47dc5,Banheiro,icon_banheiro
6e3a0ed2-19ba-4d79-bc45-96e459120ec3,Cozinha,icon_cozinha
ded91ce5-57b9-465d-9660-3f940853841c,Área de serviço,icon_area_servico
bf9a7a67-3a4d-4218-a993-3c15f138e355,Quarto,icon_quarto
5879e152-71b1-4d57-9a75-55de2dda3c1a,Sala,icon_sala
7fbc3c8b-c934-4734-b422-024ab6432190,Quarto,icon_quarto
0acbdf2f-525e-4e92-acda-91a861e2010c,Cozinha,icon_cozinha
8fddfd60-f1cf-4269-95af-5641d96a16ca,Despensa,icon_despensa
1a74f8df-99d2-4d72-bb01-78b21e1da971,Área de serviço,icon_area_servico
16e34666-50f6-4961-b494-a88efb04a350,Quarto,icon_quarto
f9bf0722-e1a4-419b-b563-39974c85c1b2,Garagem,icon_garagem
8c701730-b738-42fc-b702-1d0b947afeac,Garagem,icon_garagem
081c8eeb-1ca0-45bf-a81b-a561fba095a5,Garagem,icon_garagem
d4f0aafd-1a7d-4996-b80d-099e7a83c057,Sala,icon_sala
23aadee0-44f4-4e51-98bb-31b8344c168b,Quarto,icon_quarto
6345a324-28ed-4a4c-bd84-9dbb58cd08a9,Banheiro,icon_banheiro
4ff93caa-37b0-4d4a-88b2-9d4d983f7ec9,Excepturi do fundo,icon_generico
3cbbb44f-7c4b-4b20-9b2c-f8a9555dd6de,Consectetur do fundo,icon_generico
a9183d6a-8700-40f1-9d35-89b0a7725321,Área de serviço,icon_area_servico
88e796ea-4e03-4cf3-9ea9-0e444ca38e9b,Banheiro,icon_banheiro
bb1f667b-d805-470c-860b-f05234644899,Sala,icon_sala
1cc71767-b0d4-409c-8328-43d24481f901,Despensa,icon_despensa
10213899-097d-485d-af38-621e9ab950c4,Banheiro,icon_banheiro
7cbdaca5-67be-416a-ae62-4a667ed47270,Lavanderia,icon_lavanderia
a4ada64d-cb01-4fa8-a519-713cb9e03d66,Banheiro,icon_banheiro
5943f00a-6720-485e-b651-d8d8a118d261,Lavanderia,icon_lavanderia
985a8005-a947-4739-b4d8-e886afb1d7c0,Varanda,icon_varanda
91648f75-b6cd-493b-8d3d-a18a25d4ad56,Despensa,icon_despensa
99cc4ac2-ec12-496b-a8f0-5f106ede9a5f,Escritório,icon_escritorio
fe011933-82e1-4a47-912c-ef11376e2c85,Banheiro,icon_banheiro
ec25b5be-ddfc-4f6b-aa31-09f4760da32b,Varanda,icon_varanda
774e7934-58f9-40bc-b506-d2fecf3fcfd5,Banheiro,icon_banheiro
b7e6d99e-8d79-4eda-95ee-faeeb60716ed,Lavanderia,icon_lavanderia
1bbacedf-cab8-48ae-88b5-58402be94462,Iusto pequeno,icon_generico
4c2a1fa7-99d4-424a-b64f-6864314a080a,Lavanderia,icon_lavanderia
274f0e26-51f7-461b-b1bb-01d69538ca5d,Lavanderia,icon_lavanderia
749a5ff6-9c4b-4b96-8f92-99957d5bc89a,Tempora pequeno,icon_generico
7402b2e0-20b5-4441-ac77-440a5c714847,Banheiro,icon_banheiro
fec9621d-20f0-4717-ae51-6caf29e2e409,Escritório,icon_escritorio
f16b5e27-c92b-4e44-97dd-cb0c7e27e6b8,Despensa,icon_despensa
301e3a93-c41f-4de3-a5fb-fdbd0c8fbf1c,Sala,icon_sala
fb02eb70-cac5-484e-ad8b-d02fc9af9d2e,Quis do fundo,icon_generico
21bfc221-e9bc-49d4-84bc-d6a600b7dca2,Facilis novo,icon_generico
2ee413a5-f8b8-4747-80eb-9d2b972fd222,Despensa,icon_despensa
d51d4fe8-421a-427c-a7af-ff0fe4e3e18e,Lavanderia,icon_lavanderia
1e599cd2-2942-4c85-a68e-81be11cc3520,Sala,icon_sala
8e6e30ac-5a9f-493a-9b1e-036703b29ac4,Garagem,icon_garagem
80a97046-f9cb-4909-b504-6bb50a799058,Área de serviço,icon_area_servico
5ca29067-3f0a-4705-8904-5f3077be45b1,Cozinha,icon_cozinha
406c37f7-a2ed-4c6a-b3e3-fb98731575d5,Área de serviço,icon_area_servico
f3198346-5903-4239-ba65-bf7bde251752,Área de serviço,icon_area_servico
da3db4aa-c7f7-448c-ad81-08c8aa627c6a,Banheiro,icon_banheiro
f2904741-7da2-4dbd-a299-812b9cb97712,Sala,icon_sala
5938f36c-8366-47a3-b49e-0070626ad596,Quarto,icon_quarto
6cf88148-2ee6-4e84-b739-3153a88f306e,Escritório,icon_escritorio
ec7ed169-204c-4a5a-92ff-3ba2b474c1e5,Área de serviço,icon_area_servico
264f896a-c311-41af-9f97-15d9bb1b4457,Banheiro,icon_banheiro
9bbec090-7f7f-4652-a695-dbb72e3680b3,Escritório,icon_escritorio
666da705-7511-44ef-a3ca-78f0c7a34cfc,Despensa,icon_despensa
1cc71767-b0d4-409c-8328-43d24481f901,Quarto,icon_quarto
d7a668db-d27e-4f7d-9e4b-9a08a8e374d1,Escritório,icon_escritorio
749a5ff6-9c4b-4b96-8f92-99957d5bc89a,Varanda,icon_varanda
ca6bda0d-d067-4384-a71d-35568ec08842,Área de serviço,icon_area_servico
59e9afe1-9e09-4d56-9034-bc622d810f35,Cozinha,icon_cozinha
d9a9369e-5d80-45b1-ae81-5ea893d1e042,Sala,icon_sala
4655478a-d5e3-40af-a9c9-f1c701f2e84a,Quas pequeno,icon_generico
1754653f-36c1-4428-a626-bbfcc57ad464,Blanditiis pequeno,icon_generico
3058c4d9-5d22-49a4-9ad1-71a9c1f5a24a,Lavanderia,icon_lavanderia
a0ad90be-4a09-4538-9038-88efe8a135e5,Escritório,icon_escritorio
f4e67f72-6a5d-4101-9183-2605a6d027cc,Lavanderia,icon_lavanderia
b23af766-4c57-4e59-8554-a0cdbc86c748,Molestiae pequeno,icon_generico
8b77d397-6f23-4922-a53a-772fcdc8c4b0,Área de serviço,icon_area_servico
4de7dccc-b428-4c73-bdf0-7bbd0a655f8d,Despensa,icon_despensa
264f896a-c311-41af-9f97-15d9bb1b4457,Molestias pequeno,icon_generico
5ec21cc6-cd0c-4dc9-801d-38b55192c379,Quarto,icon_quarto
31a4e484-c7e9-4e9a-8f95-90765284ca3e,Dolorum do fundo,icon_generico
8329e537-9f63-43e9-878e-b5a1296b1942,Sala,icon_sala
b19d6cdf-2f31-479e-b2ae-0ce7295a566b,Área de serviço,icon_area_servico
91648f75-b6cd-493b-8d3d-a18a25d4ad56,Sala,icon_sala
961bf1f7-c6fd-4d10-abc2-9d7ee2d0ac46,Lavanderia,icon_lavanderia
38d120bc-e7be-4118-aacb-007a90f9409b,Cozinha,icon_cozinha
68d2e95e-21c1-4908-93ae-dc1b3d866b4f,Varanda,icon_varanda
5ee711c3-cd2d-4f4a-82f3-6310cb5492fa,Cozinha,icon_cozinha
85f6e0db-23cc-4e85-873a-d570bc05d0a6,Cozinha,icon_cozinha
ea772f78-6a58-4f98-91f8-a42aa4eebd92,Banheiro,icon_banheiro
59e9afe1-9e09-4d56-9034-bc622d810f35,Corrupti de cima,icon_generico
3196c790-903a-4961-9274-5a0de4a6966a,Escritório,icon_escritorio
beb8fecf-aac6-4a5c-997a-0ab1645b7e7f,Quarto,icon_quarto
503143c9-d479-4211-acc3-afb39fb99271,Despensa,icon_despensa
37784490-b99e-4c7f-aa90-198c82b3e52e,Cozinha,icon_cozinha
ea772f78-6a58-4f98-91f8-a42aa4eebd92,Despensa,icon_despensa
f74f5e83-8642-4d36-8c04-e07aad555111,Pariatur novo,icon_generico
a1c5f785-ff1b-4f58-989f-ec4b1efaec52,Sala,icon_sala
dfe9353b-2d15-4791-943c-aabb1274b31a,Cozinha,icon_cozinha
61cd90b1-01e8-487a-b285-a0346c81cac9,Escritório,icon_escritorio
f512af5f-b088-402b-8a1d-7297ac97ace0,Área de serviço,icon_area_servico
06a5da01-b946-4cc5-8395-eff55a3f0ef1,Área de serviço,icon_area_servico
5a5a7552-ca49-4229-a493-9a1961099bf3,Ab de cima,icon_generico
76686a55-6c06-43b5-8540-44b24a404323,Sunt pequeno,icon_generico
39202efd-4ab2-48b8-a34d-bcbe0038ac44,Despensa,icon_despensa
8600ca36-b168-4a05-8db2-4a2e90ce2dc0,Garagem,icon_garagem
ea479ec3-7d90-438a-b5b6-4e57620c75ff,Illo de cima,icon_generico
e1f61854-b3c3-41cd-93c3-d4b174ec46aa,Quarto,icon_quarto
328594d8-eeb2-4af4-b090-55008c148c86,Varanda,icon_varanda
4dede585-affe-4746-9e6c-5ef80523975d,Debitis de cima,icon_generico
4544354c-98a0-458c-a0b0-44cbb72b9727,Lavanderia,icon_lavanderia
8f0a4285-0852-4fe9-953d-75f69ebc84dd,Sala,icon_sala
7a260fc2-9a1b-4628-9355-ec9154910d94,Garagem,icon_garagem
32bc86a7-dfd4-41ba-9635-39c8afd50a1c,Cozinha,icon_cozinha
1f18d86e-b802-4011-9007-3275fdb8c517,Banheiro,icon_banheiro
372fa66e-b73e-4ecc-bbf0-458298baf1b9,Lavanderia,icon_lavanderia
b75e522a-6ab5-49ac-81af-3a095e094219,Banheiro,icon_banheiro
29ba2912-ac35-48fc-9da1-b4233bab62f0,Área de serviço,icon_area_servico
749a5ff6-9c4b-4b96-8f92-99957d5bc89a,Escritório,icon_escritorio
a690bac6-bac5-420e-92a4-a709839e664e,Garagem,icon_garagem
d51087d1-ca74-4ffa-ba01-27deef5f9eae,Quarto,icon_quarto
55dea7e1-4676-4f4b-871d-bb09a044ec30,Officiis novo,icon_generico
4de7dccc-b428-4c73-bdf0-7bbd0a655f8d,Despensa,icon_despensa
d0ad1d8b-f9ae-49bf-af19-2ddfb51cc0a7,Garagem,icon_garagem
97cceacf-9efe-47d0-9c92-680be618999e,Banheiro,icon_banheiro
38d120bc-e7be-4118-aacb-007a90f9409b,Escritório,icon_escritorio
f450ff77-c7bb-4426-8c42-7d1f9e752993,Adipisci de cima,icon_generico
9506a950-021a-4607-8f45-81fdeb093523,Cozinha,icon_cozinha
0988cd47-458a-464f-8d4e-c0584ce36d1a,Quarto,icon_quarto
10c8e2da-7c77-4fda-ad9a-eeb94c52bbaa,Lavanderia,icon_lavanderia
425214db-e8a7-405f-8597-5697a8df6f9d,Garagem,icon_garagem
575a5fa7-473c-4c91-bc1a-e30f06e1b23f,Qui de cima,icon_generico
081eebd6-ac06-4fa8-885c-1ffe9eedb18e,Lavanderia,icon_lavanderia
82142de1-8949-41e1-82c1-88301ad950fe,Delectus do fundo,icon_generico
fe04a939-6a1a-4e46-ad39-517f3504de1c,Quarto,icon_quarto
a690bac6-bac5-420e-92a4-a709839e664e,Escritório,icon_escritorio
a6c95cca-c1f5-4b35-a66c-2ab792cf7c4f,Lavanderia,icon_lavanderia
2876812a-9c6c-48e9-964f-40b869d9ed71,Quarto,icon_quarto
55dea7e1-4676-4f4b-871d-bb09a044ec30,Cozinha,icon_cozinha
fc4714a6-0f0b-4455-a26e-963c0eeca514,Lavanderia,icon_lavanderia
6a9d7dcc-7c4a-4002-8947-f23577b9ff73,Cozinha,icon_cozinha
beb8fecf-aac6-4a5c-997a-0ab1645b7e7f,Lavanderia,icon_lavanderia
0acbdf2f-525e-4e92-acda-91a861e2010c,Varanda,icon_varanda
c5f544ad-f434-477a-a117-80dd57759315,Despensa,icon_despensa
4d8aca0a-f334-4de3-bbf4-9b16f43f3e82,Banheiro,icon_banheiro
058a370c-89d3-43bf-96ac-e26ccf782d15,Despensa,icon_despensa
31e85c4c-6573-4401-bc46-eeda750c69ec,Cozinha,icon_cozinha
669f4407-d296-43fd-844d-85d6cc383ebb,Quarto,icon_quarto
328594d8-eeb2-4af4-b090-55008c148c86,Quarto,icon_quarto
368d98d8-5043-44b1-be8d-d744d8c04987,Voluptas de cima,icon_generico
99ae03ed-8ee2-4e85-96ac-b05a0fcf0853,Nam do fundo,icon_generico
22d13a41-8142-4b73-b7dd-5ce93103896c,Despensa,icon_despensa
5d8ec22b-014e-4f91-b95a-84167c17f8b3,Doloribus do fundo,icon_generico
c257dad7-0724-46e4-a543-b12a12929859,Despensa,icon_despensa
df4eb3ee-a1d6-48a2-afae-38a218c15c35,Sala,icon_sala
081c8eeb-1ca0-45bf-a81b-a561fba095a5,Sala,icon_sala
dfbc9f96-4cba-4169-9dd2-eda7ce0ceea6,Despensa,icon_despensa
9b318f8d-701a-46d2-a61c-906bf76ab675,Despensa,icon_despensa
e8094344-d4bc-4827-b1ac-656efe0e20ce,Garagem,icon_garagem
eeea9c2c-4a36-41d3-9741-53ca6e47532a,Quod pequeno,icon_generico
b0c11fc2-8c2d-4877-a942-f3e24f71def2,Varanda,icon_varanda
dd30bc3d-6a48-4cd4-8950-cb0af2eaf2e0,Varanda,icon_varanda
208290fe-845e-4135-9668-18d894a3c33a,Área de serviço,icon_area_servico
ab4ae4e3-7abe-4ae2-be2c-008b4e0d1c64,Similique de cima,icon_generico
a02713ee-fb38-4246-a68d-42dd4c5da792,Voluptate do fundo,icon_generico
76a0c141-2284-4865-aa48-d99091126e1b,Escritório,icon_escritorio
b3b9f38b-efa2-4b4b-88b1-33a8939f47af,Área de serviço,icon_area_servico
f4e67f72-6a5d-4101-9183-2605a6d027cc,Sala,icon_sala
d795c787-87aa-497b-9b29-b36a00a21c66,Sala,icon_sala
19953a38-7e0e-48c7-b555-69f5aa713483,Garagem,icon_garagem
c297041f-f976-49ca-9f2a-70c97fa75233,Banheiro,icon_banheiro
255e1e01-dc21-4dd1-9d14-06ff8c22f2fd,Lavanderia,icon_lavanderia
81df6101-52f8-41d0-9342-be2ab179e2cc,Varanda,icon_varanda
7f07640c-44f9-4adb-8390-4cf5924a7037,Quis pequeno,icon_generico
79afc5b7-d0df-405d-868d-c63181341d8e,Lavanderia,icon_lavanderia
328594d8-eeb2-4af4-b090-55008c148c86,Aut de cima,icon_generico
ce9783e5-b5da-48a7-a1d4-9c15b469b2b5,Lavanderia,icon_lavanderia
69a025d3-aeb1-41aa-ad16-12d10d838928,Banheiro,icon_banheiro
62bc8528-7c1b-441f-a80d-26184695d10f,Sala,icon_sala
0cf2cc85-2ea6-4e79-b5bf-bd44dc85d15f,Quarto,icon_quarto
82142de1-8949-41e1-82c1-88301ad950fe,Garagem,icon_garagem
f450ff77-c7bb-4426-8c42-7d1f9e752993,Escritório,icon_escritorio
b37cf306-097f-4118-8284-fb81bc0ebdf1,Cozinha,icon_cozinha
65682f54-8240-48b6-8661-f5ee8bd057e6,Despensa,icon_despensa
df4c9368-d451-438b-be4a-d58541fb2f69,Banheiro,icon_banheiro
729a71ce-ceee-4947-971d-fd5a973dbe9c,Sala,icon_sala
ec7ed169-204c-4a5a-92ff-3ba2b474c1e5,Cozinha,icon_cozinha
d80cea64-bd75-4544-bc3f-b65ad426b319,Quarto,icon_quarto
33e21ef1-b4ae-47fc-9a94-4c2e6ffcd164,Banheiro,icon_banheiro
a1a18f69-fc81-41f5-84c9-c05ae596657c,Escritório,icon_escritorio
666da705-7511-44ef-a3ca-78f0c7a34cfc,Despensa,icon_despensa
f450ff77-c7bb-4426-8c42-7d1f9e752993,Área de serviço,icon_area_servico
eab32f91-265b-4492-9f59-fc95164606dd,Varanda,icon_varanda
162e6f8d-6794-4384-b8bd-7c051b898a74,Quarto,icon_quarto
69a025d3-aeb1-41aa-ad16-12d10d838928,Excepturi do fundo,icon_generico
1c100c5f-3c7c-46fd-ac68-3f938a63e60d,Despensa,icon_despensa
