id_usuario,nome
cab21ad1-9dbf-4910-9205-edf6818824a5,Prateleira sequi
06885f64-910e-4fcb-a5ca-9e68c2d791cf,Larissa's stuff
ae2be27f-fcc3-4a18-ad94-fbb5d6c481d6,caixa de tralha
5789816b-59f6-4bd8-9e50-bd17055fe8c0,Non consequuntur deleniti
4123b63c-9006-4239-8917-8ef547933d87,top secret
c9156d3e-c51b-4b42-a0ef-3ad7f21d4032,Ipsa
ee8cf917-90a1-4239-b489-f0d17684a976,Isabella's stuff
80da0332-549a-4cb0-a910-301b1d1ae2bd,Estante qui
38db9dce-722a-44fb-9750-d60a7c707b37,limpeza geral
71b74539-5964-46b2-9b61-f6692b5a3cbc,Harum tenetur
uuid-invalido-123,Natus amet sit
965d0db2-3cea-49af-aab8-476ac3159463,Gaveta animi
bb78e473-4de2-4bc4-966a-47340120a264,não mexer
1c2472b0-9e41-405d-b453-c9a74b15ec44,limpeza geral
d484d95b-a4a3-4ce4-8db1-12aa3ef1a725,Sophia's stuff
,Sofia's stuff
14059769-cac0-4c33-93ac-75b0b6036edc,
3e6a2d18-f843-4a1f-bd38-119969154b29,top secret
06e6bdad-011d-40b5-b3b7-967edb156282,Estante ipsum
94a9e06e-f199-4f08-a19a-7b13fafac5c8,kit sobrevivência
65641f6c-58d4-4c57-b7d0-c45c4c220ad0,não mexer
61744ddd-4182-43be-95a0-58749eaaba76,Benicio's stuff
0acd4cce-76c2-415a-84c8-afe18b829a56,Estante ab
aebc37e1-a17e-4239-9156-5a3684896155,top secret
b9adb3e0-bc96-4183-8605-853fb394d825,Veritatis perspiciatis delectus
e4bc113d-e741-4313-aca6-f8f26f244912,misturas mortais
eebf736f-5998-49d0-80d9-2b51ce1741d2,Quo provident modi
66f08423-05bc-4f34-bd1a-e736b504f3ff,Gaveta natus
8f364ee2-c03e-47ad-a2aa-e2dd691469d6,Prateleira repellat
0c8b5be7-3bf5-469f-89cd-bdde025435c9,Et dignissimos
1950803a-d1af-434c-b58b-891d806577fb,Ana's stuff
849df679-b252-4f73-aee4-60370e81d59d,bagunça do fundo
6571ff3f-bc19-4cfd-baf5-a33583bbd304,Luiz Otávio's stuff
4cb59322-0343-4db9-8a5f-3fac6d75f135,top secret
ec99338b-19cf-4882-9e4e-facbd951087a,Prateleira animi
b9cc06d9-3ab3-44e9-b102-cb395e4cc42a,não mexer
7fbc5a5f-f005-41f7-9a3a-27fcfca64108,Leonardo's stuff
5486bbef-62e2-4cd9-9b47-359de3f30453,Prateleira non
31e0c8d5-7d40-4ae1-9694-7b020f9eebb2,Beatae minus
d48cef00-3896-424a-a078-4840226c793c,
84f827ad-1f39-4c05-a381-24dac4833565,top secret
45d5222b-caf3-400a-937b-58d47c4a5611,negócio ali
06884178-2cfd-4e63-9e95-635e66d4e957,Prateleira assumenda
b988e863-5bec-4f39-bf38-20857d4c6772,limpeza geral
6cda7801-be26-4680-bc92-1f5d395b0e0f,Luiz Fernando's stuff
58021d15-ba7f-431d-a60b-d736f70ef392,Gaveta et
3fd6f34f-4b3f-49ae-9024-63962fc4fa71,limpeza geral
53ab3b0f-3838-41ac-a121-555e279cfbaf,bagunça do fundo
172dd414-5338-40e1-a319-e425e1666711,Et voluptas
ff086d57-0511-457e-9390-d3661be1aa97,não mexer
7a7169c0-9dfb-46f6-bb9a-64a1141c8ca7,bagunça do fundo
454d5957-d1b9-459d-b15c-ac2b8df541ea,bagunça do fundo
7df4c60d-bb21-4a00-8c0d-03a145b3a4a3,não sei o nome disso
d150e35f-8aae-44a8-b0c8-0acf13cb344a,Gaveta quam
890a97f1-14bb-4a23-b8b4-ad4b8a0d83d5,Gaveta neque
,Debitis ullam
58644937-2c5a-4b15-8587-072f458468e1,limpeza geral
57cf6e7d-e2ff-4b62-882b-dd1dccfbff08,não mexer
2e8f30a7-9b20-43c7-8fd4-9770f455a56e,aquele canto
7e469afd-ee31-4844-8665-5a12122d1d4b,Gaveta quasi
06884178-2cfd-4e63-9e95-635e66d4e957,limpeza geral
uuid-invalido-123,Armário nihil
43b21651-d371-4612-a53c-eccc115440d8,Repudiandae aliquid
66f08423-05bc-4f34-bd1a-e736b504f3ff,top secret
ef5deb03-e25b-49c6-b6fe-0cbb2b89bf89,não mexer
uuid-invalido-123,Eduarda's stuff
890a97f1-14bb-4a23-b8b4-ad4b8a0d83d5,misturas mortais
14d5cd76-f290-4bc9-ac70-f139b28b7565,Gustavo's stuff
510e4a8d-82b1-469e-a66d-a3e38cd49db2,Dicta deserunt
3d01189c-33f2-40fa-a389-0ac882cbcd15,Gaveta nihil
b80a7d18-97b1-4597-99f6-8d5bddff12de,Estante qui
a577e3a4-c428-491d-ab66-87b1517f07f0,Eduarda's stuff
0ea0dee7-a69b-4b61-84ae-952c99da4da9,Armário veritatis
0b01c1d2-0a4f-49ba-9b7b-c6a145bcdd50,Perferendis eveniet enim
uuid-invalido-123,Armário repellat
960d4e51-390f-4bfe-98b4-ca27ba32f9d4,limpeza geral
734168e0-1f73-4a10-8a91-5255f827819e,Maria Alice's stuff
fa19b715-0a53-4b2e-a56b-e8e3d0d2959d,Gaveta occaecati
4326e3eb-1352-43b1-9a81-d1ba9e48bee1,Prateleira laborum
uuid-invalido-123,não mexer
3103e68d-80b9-4f40-954f-fabcfef201f4,Léo's stuff
3b12e4ba-d8de-4ab3-983f-09c981c34c95,Sarah's stuff
b9cc06d9-3ab3-44e9-b102-cb395e4cc42a,Thales's stuff
38f9247e-eb7e-4786-8b66-5bb46401f9f8,Armário qui
d411b4c4-6e53-4d05-a98d-9d674d9b1f94,Gaveta voluptas
f0622725-af9e-4a70-9e10-6a0aa57eb5b5,não mexer
b9ec721e-9626-4aa6-8963-6297a9f46a52,Estante quae
bfd12b53-67ed-452c-9491-621ca1000495,Prateleira fugiat
fd10e4ee-4282-48f0-b8f3-1ac672acf85e,Prateleira corporis
aebc37e1-a17e-4239-9156-5a3684896155,aquele canto
4a0e137a-288f-4337-89e3-d5faa07a710f,limpeza geral
e2f31d60-7a44-40be-88a9-2d794e9894ce,Maria Flor's stuff
d46570f3-4cef-42cb-852b-97d7aa3839af,limpeza geral
58021d15-ba7f-431d-a60b-d736f70ef392,Gaveta blanditiis
3deed575-5f44-4646-88b6-c97202bbc445,Cupiditate alias
3d3b825a-6aff-4ef5-847a-fd384b2d9a1a,Estante eligendi
e8040092-2391-4ce6-81cf-a76a11384536,Estante minus
aebc37e1-a17e-4239-9156-5a3684896155,Mariane's stuff
c721a140-c894-4a2f-9e0a-88db8954ebc4,Estante est
570e7e90-6668-4a9a-9e3b-0b60b6532d8d,negócio ali
5789816b-59f6-4bd8-9e50-bd17055fe8c0,Estante recusandae
dfc70441-7f24-4fd7-a331-6839c92a27c7,Antony's stuff
6e7441c4-382d-4ebe-861a-36ef1f6f3629,
0f2f112f-361a-47f4-a063-162674e87d63,aquele canto
08bd8d6c-78cb-42fe-b5db-20e32ad3d8e0,
148efd23-a345-4eb2-9787-ef5940aae73f,Ut deserunt
431fdad1-0f82-4bf2-a347-8510d2c86d99,Rael's stuff
813e8f20-6914-442f-bc5c-cd18d236102b,Mirella's stuff
e9834554-7b89-44f6-95f9-1a0c208e8273,não mexer
172e54ee-471b-421b-b07d-582bf41851f0,tung tung banheiro
817ea081-fbd9-449e-8e11-5d85e18c7762,Davi's stuff
d4f949de-4749-40b6-b8a8-858bbd1ef12f,Omnis numquam
b2f19dd9-9dc7-43ed-8b9e-b9b1c6cb1827,tung tung banheiro
76d8e854-9483-4110-807d-c897f7e0aaf8,não mexer
e8040092-2391-4ce6-81cf-a76a11384536,não mexer
6c0e64be-5a02-410c-a9e6-c9d8ccff0c44,Raquel's stuff
49fbf67c-2cf7-4793-a203-3c3c91187f82,Doloribus odio tempora
7e469afd-ee31-4844-8665-5a12122d1d4b,limpeza geral
a667ad47-aea7-4a13-8eee-2f7daa42e951,Fugiat fuga sed
aa215369-9731-4b2b-9081-0490f57744e1,Gaveta debitis
396ee6e6-b9ad-4e76-8c41-dadeb6f00216,
72a74afd-aad5-4082-ab96-4e3e23ee62a2,Nobis assumenda
0270fa71-66d1-4b68-8205-f4a27a177ed5,Quisquam occaecati neque
2544e7ae-caa8-42f3-8c19-97fb0bed5b20,Quo ad alias
19fd4bc5-3766-4fec-bf67-e07944bc4ef9,
5e14a6a9-9998-416a-b364-0f81572c19f9,Accusamus quod
ceb25821-e8f4-44b4-88ee-aaea94dbc778,Prateleira nostrum
b6de003a-f301-4b37-970e-ac61e2a8c4bf,Quo impedit illo
uuid-invalido-123,Armário sequi
66f08423-05bc-4f34-bd1a-e736b504f3ff,não mexer
82bc0a06-24a6-4fe9-aa21-2c7002847a94,Atque eligendi
f218a3ae-f94f-4a8e-946d-abf772307acf,Prateleira debitis
0b01c1d2-0a4f-49ba-9b7b-c6a145bcdd50,
7e659a9a-d992-45c8-906d-dbb2e3a8729b,Estante nihil
5184cdd4-6791-4743-a21f-73745d1f8ad5,Minima libero
172e54ee-471b-421b-b07d-582bf41851f0,Gaveta praesentium
7defeeed-3cf8-43c3-905d-175adbff132b,caixa de tralha
36d7d462-d85b-4a36-ad6a-e62f89062bd3,
0acd4cce-76c2-415a-84c8-afe18b829a56,Quasi similique
044408cf-3c17-4296-8409-88617094c731,
07187310-5197-4785-b20f-34abaa740374,Gaveta nihil
1993084f-9c62-40a1-a958-23b4d3597f29,
b80a7d18-97b1-4597-99f6-8d5bddff12de,Igor's stuff
dff66ff9-4bf4-44bc-9907-ee042bb64b73,não mexer
69d8c854-2282-472a-a9b3-3eacab737109,Reprehenderit veritatis quis
eebf736f-5998-49d0-80d9-2b51ce1741d2,Bento's stuff
8a2e1c99-70db-4cda-9aab-d14046881ccc,
00f993a6-2204-468e-b6dc-ebc7d25c9856,não mexer
3a55d085-ff90-4c72-8eba-7beaf368d83c,top secret
8b43dbae-cd11-4bde-8b2e-4ab2baba6913,Lavínia's stuff
0c53c0a1-5e43-4d1a-b9b1-3b09e6e96a59,aquele canto
,Noah's stuff
cc60330d-714b-4b91-9773-0e6c487586f0,Prateleira quod
e0a1108e-6ae7-4ed9-9835-0fa9daa06cf9,In ipsa ullam
cab44d9b-17c4-402a-a989-222d7c15f179,Non esse
b737094e-282b-4269-beb3-138c5eda5942,Et fugit nesciunt
e9413aee-b662-44e5-bd2f-bf49540ac8a9,aquele canto
,Evelyn's stuff
bcceaeae-db52-4fa1-9ce7-c4a04f5e746e,Maria Alice's stuff
14461dfe-9a4c-483f-9bcc-09131cc33521,Ut laboriosam
ec167378-699a-429b-bce9-f77f389becca,Eduardo's stuff
15599f68-0e43-4824-af28-f918d557954a,não mexer
6a25835d-8b82-4137-901f-151a3129f344,Magnam consequatur nam
0fd16d2e-0e87-453c-a016-9175d5bdb433,
536f3398-2efc-4ebe-9821-a08ff30c1ff2,não sei o nome disso
c73a48f4-a904-44de-a8e5-83ad997aadc5,Voluptate
0b01c1d2-0a4f-49ba-9b7b-c6a145bcdd50,não sei o nome disso
51199272-964f-4fa6-a39e-08ef7ed302f0,Ana Beatriz's stuff
,Luiz Henrique's stuff
97da4b96-5470-4bc8-8671-2ee4c6a0ef74,Repellat assumenda
9be2b9b2-3895-43a3-83ff-bf06ba2a4823,top secret
ff086d57-0511-457e-9390-d3661be1aa97,Kevin's stuff
0ae6e69e-a574-4997-97aa-37bc0bc2b890,não mexer
9edc39ff-89f8-4ba1-8a17-17c151670a59,caixa de tralha
223972eb-e60c-4d12-8308-2836c00bbeb3,Davi Miguel's stuff
9a25f4c1-4496-4191-bff5-4fbfc3cd89b9,Fugit commodi
b9cc06d9-3ab3-44e9-b102-cb395e4cc42a,Leandro's stuff
8011950c-2b2d-4910-b487-c5df65f8342b,negócio ali
282cdb01-1e26-48a8-b230-ad0838b881db,Soluta pariatur perspiciatis
,Estante similique
dc7e5fd2-e035-40e9-b674-e0e0d9df8739,não mexer
570e7e90-6668-4a9a-9e3b-0b60b6532d8d,misturas mortais
984a3b51-d009-4e9f-9340-b4e153c57747,
9a053492-e7e4-427f-979f-fb9d52d62a78,Prateleira tenetur
30875f6c-cc11-4ebe-8e70-c8272d3544e0,Prateleira molestias
6df67fcf-d53c-457b-8217-17f8809bd750,limpeza geral
uuid-invalido-123,não mexer
2d0dea31-61bf-4f09-acc9-0ef4be95131c,Melissa's stuff
14748f1e-b9ab-49b7-8063-b5ff3f6c3765,Armário rem
e2a94a0a-6f3e-469b-aebb-6066482cf5cd,Voluptates harum
e38b5bb9-5f5c-4a6c-a5a1-4b09b6e47afa,Alexia's stuff
a2744a57-484f-4eb2-9500-f3b6756e9b70,Estante doloribus
ef01835a-6f08-4d0f-8a28-7bf8c64c5896,Armário et
bf5e541f-3d03-428e-91f1-b42130db1aef,Nulla ab
60371b8f-6b47-4ec6-9c28-620cde92c884,Necessitatibus repellat maiores
46d10d3a-66c9-4b4d-94e4-2357603ac33e,limpeza geral
e3c61b05-1797-4f42-a5c9-58e63237d6ae,Prateleira nulla
b584710d-7d46-4d13-b030-8868eaffcea5,caixa de tralha
6e7441c4-382d-4ebe-861a-36ef1f6f3629,Gaveta facilis
ba870403-0d82-4709-99d9-0dbc1ff0190e,Dignissimos temporibus dolor
