id_produto,id_usuario,resultado,dosagem_sugerida
111,21bde5c6-3c99-473f-8b5b-0595c96fcc71,nao_avaliado,1 tampa (30ml) para 5L de água
14,43199b88-e0bf-4cb7-9630-05778b91cf62,nao_avaliado,"Aplicar puro, sem diluição"
77,0e278b06-4398-42d0-874e-98e8422dc7a0,nao_avaliado,"Aplicar puro, sem diluição"
93,b155c2e1-71d9-4b4e-bf3d-c26a1f9479ff,,2 colheres de sopa puro
68,a1e250d3-26b6-43ae-9dfa-4824a0352931,compativel,Diluir 1:10 em água morna
954675,e4ad1584-dca2-444f-bea4-eeccbd9037ba,atencao,"Aplicar puro, sem diluição"
3,9e616ba6-e041-49dc-b52e-eb4800e2885b,atencao,"Aplicar puro, sem diluição"
29,52659a2b-4ce8-490b-8a16-a5b6e32e450d,nao_avaliado,2 colheres de sopa puro
994764,287ee2e2-aa8e-4408-b5d2-4d70469ffacc,atencao,"Aplicar puro, sem diluição"
109,cc9f96e6-6dcd-4af2-a702-3cf8c5ac94c7,compativel,
23,2f237eff-3217-4476-b7e1-bb5523cea114,nao_avaliado,"Aplicar puro, sem diluição"
27,dd17ff52-e2d0-419c-96bf-d8e6504444ed,atencao,Diluir 1:10 em água morna
23,86632cae-b038-4587-9681-db9481f8d965,compativel,Diluir 1:10 em água morna
80,fefc5b16-e394-4186-b902-056b04af8152,atencao,Diluir 1:10 em água morna
99,fa67978c-b727-4bc9-8b49-9bbf6825746f,incompativel,
78,185f5a0b-c77b-4f5b-93a4-d173d0b2689c,nao_avaliado,"Aplicar puro, sem diluição"
produto-x,bc4b8c41-2eab-4278-83c5-69aac244f746,compativel,1 colher de chá para 1L de água
14,4b14fe46-b130-412f-89c6-a6955c024a14,ok,2 colheres de sopa puro
91,49f88906-607b-4d24-87cc-e1b366c1e63a,compativel,2 colheres de sopa puro
43,a21a1ffb-fe2f-4349-9b04-8cedf54a98c3,nao_avaliado,"Aplicar puro, sem diluição"
1,3ba27edb-07fe-49b2-8aaa-bdf77db32fd9,incompativel,1 tampa (30ml) para 5L de água
92,f57135b5-3a69-457f-b075-591192e2a16c,incompativel,2 colheres de sopa puro
68,7826416b-65fa-4acb-9192-0c0846b8d6ef,nao_avaliado,"Aplicar puro, sem diluição"
960129,usuario-invalido,atencao,1 tampa (30ml) para 5L de água
99,abbfa01c-cbe5-4f8c-bb6d-3c841bd2baf7,,1 tampa (30ml) para 5L de água
52,,compativel,"Aplicar puro, sem diluição"
85,b84a61ac-4bcd-41ae-a1aa-9cc5b743a0ae,compativel,
,454bd907-f4d0-40d5-bf9f-b2f344762919,,"Aplicar puro, sem diluição"
88,7e149723-2a9c-4be2-9090-6d9f6f9c9939,atencao,Diluir 1:10 em água morna
36,74993f57-a720-4c0b-9da6-db74badc79ec,incompativel,
83,d43e07a2-6f78-4d14-8842-9af6078e609e,nao_avaliado,
104,0783121b-c6f3-43aa-a178-56a12b15dcf0,atencao,1 tampa (30ml) para 5L de água
43,20e9fff2-8cfb-4d01-939f-e8d9d358d681,incompativel,1 colher de chá para 1L de água
,52e0b903-418f-4267-997a-f9d10963a51c,atencao,1 colher de chá para 1L de água
82,41a7ce5a-a542-4742-9894-e5984d0d1955,ok,2 colheres de sopa puro
39,fb632225-7c11-496a-999d-a9d5811e9692,compativel,Diluir 1:10 em água morna
65,2deb9fcd-c2be-4904-b238-4752f670bc35,compativel,"Aplicar puro, sem diluição"
95,bd9f1936-f9cd-4dff-8e59-5682867d2dc8,,
,a7242fa2-ad1a-46c3-bc3f-cdc7b7650969,incompativel,Diluir 1:10 em água morna
86,06db532b-6194-4427-9057-88dcd90e95bf,incompativel,
95,3a3550a8-a918-4c5c-bff6-98d2a6c0ea87,incompativel,Diluir 1:10 em água morna
19,f863ac6c-0d40-475f-9439-489e68df34d6,compativel,"Aplicar puro, sem diluição"
962423,656450c7-8989-4e94-ae61-7738162073b1,nao_avaliado,1 colher de chá para 1L de água
100,6e7f5e59-4ef1-4fae-993c-f8ddfa37b6a3,nao_avaliado,"Aplicar puro, sem diluição"
63,287ee2e2-aa8e-4408-b5d2-4d70469ffacc,incompativel,1 colher de chá para 1L de água
92,a84867b3-f82b-4b84-b387-e7a15f4b9cfd,compativel,
61,2399c15c-ff73-463e-a003-b065cc11b31d,,Diluir 1:10 em água morna
915566,ae3b398f-6317-4f0d-9da7-cb90ad6f0156,atencao,1 colher de chá para 1L de água
67,46597ef2-5d15-4e22-93a9-eea2df46c07e,atencao,Diluir 1:10 em água morna
4,56444115-b9f9-4372-a66e-dcef0137c81d,nao_avaliado,1 tampa (30ml) para 5L de água
939998,12864ffb-fe7a-4fd7-9062-33664a8b6681,nao_avaliado,1 tampa (30ml) para 5L de água
45,d2871ef0-3309-4978-af8a-39c9cd2bebd5,atencao,1 colher de chá para 1L de água
44,1e815dda-d8df-4d8d-8ce4-aae1c09be529,incompativel,2 colheres de sopa puro
59,3242c05e-390d-4be9-9d52-a02bc82aa762,atencao,1 tampa (30ml) para 5L de água
86,4642fa38-33ed-4c04-8dda-7fdfa54fc7fb,nao_avaliado,Diluir 1:10 em água morna
86,7f20a602-2c4d-4a22-b567-0d549611616a,compativel,2 colheres de sopa puro
74,e9836a3f-83b6-4e5b-8dbb-8bc577145f68,compativel,
25,usuario-invalido,compativel,1 colher de chá para 1L de água
97,e66f6b11-676c-4b91-ae73-ef88ec14c87c,incompativel,1 tampa (30ml) para 5L de água
27,ba8c0efd-8d26-42e2-b7f7-51381fd0a364,nao_avaliado,1 tampa (30ml) para 5L de água
78,b960c6cb-503f-4266-8ea3-cd79ed2ea4e5,compativel,Diluir 1:10 em água morna
54,7ac7ab30-1698-4361-b674-d2d5d5c36121,atencao,1 tampa (30ml) para 5L de água
13,d543eafc-b7d8-4608-b544-6046b9ab4999,atencao,1 tampa (30ml) para 5L de água
53,e9e17491-08ea-4b03-b6d2-6f60896c2fd5,atencao,2 colheres de sopa puro
8,e1a76a17-fa55-4e7b-8d1b-fb4cc9b131e3,nao_avaliado,Diluir 1:10 em água morna
121,33975dcd-d119-4a52-82dd-79f3df461dda,incompativel,1 colher de chá para 1L de água
64,7a0e45c2-1920-4fec-b7dd-66ef469ba2c2,compativel,Diluir 1:10 em água morna
60,ae5f99db-6bc3-4fba-a8f7-8232ac5c8f34,nao_avaliado,
114,b513e459-f5e1-48dd-ba53-599b0cb9775e,,
98,d9f07de0-17ad-42ad-8aef-9cf331909ed2,nao_avaliado,"Aplicar puro, sem diluição"
82,4abe743a-0de2-40c0-accc-ef5dd586502b,,Diluir 1:10 em água morna
22,a19d36d7-9d3f-4266-ba2a-a338e9ca1894,,1 colher de chá para 1L de água
1,d53537ee-b95f-482c-869a-7f3aaa807cb7,incompativel,1 tampa (30ml) para 5L de água
118,6abc8b34-4236-47b8-9a87-d8f0e0286b29,nao_avaliado,Diluir 1:10 em água morna
28,1adc313c-2883-48c5-8726-c7d284d8dc04,incompativel,
9,9e13823c-05af-423d-9fa6-818bcdd44e5c,incompativel,
36,f66a85bc-b19f-4374-a609-588cbac86607,atencao,
983252,7537dde9-75f0-45c4-9df3-4b07862eafc6,atencao,2 colheres de sopa puro
42,6fe3e995-0b56-40ae-95d9-5594278c6fdd,,Diluir 1:10 em água morna
89,22cf151b-0736-418d-86e1-1925f92963f0,compativel,1 tampa (30ml) para 5L de água
53,131435cf-af45-47b3-80ce-db600ad20bd3,nao_avaliado,1 colher de chá para 1L de água
113,656450c7-8989-4e94-ae61-7738162073b1,nao_avaliado,
105,b809d005-a6eb-4e46-93c3-3bb9d180c771,incompativel,
,5505ab82-b45d-4200-9155-a29fe54c7e75,,"Aplicar puro, sem diluição"
96,e83ab3e8-2750-44ef-a31f-d2ee870dd7c7,atencao,2 colheres de sopa puro
79,c63718d1-027f-47a1-8cb2-f540527fd9e7,nao_avaliado,Diluir 1:10 em água morna
64,bf4453cb-4023-463d-b332-1a418f6e7d7d,incompativel,1 tampa (30ml) para 5L de água
106,78860d5c-e964-455c-8a2c-58aa040c24ae,,2 colheres de sopa puro
85,fddae182-e362-43db-a9d8-782681e8547e,incompativel,1 tampa (30ml) para 5L de água
96,9de7181d-01e5-463a-a812-cade96c760f9,,2 colheres de sopa puro
995538,76a0fabc-99e0-4ba3-8e17-a0ca914c396f,compativel,
79,40cd8a1b-2e22-44ce-9eb2-ff2d36bde17f,talvez,"Aplicar puro, sem diluição"
121,d78486c0-9dce-419f-bf4e-d492fe02152f,nao_avaliado,Diluir 1:10 em água morna
67,c34305f8-5a27-466f-9324-9b2aac1418f6,compativel,
36,83e01d7f-7fb3-4b1d-9825-edf73893f6e0,atencao,1 tampa (30ml) para 5L de água
43,71a79e86-7562-46d3-a364-aaa0ff066b56,incompativel,
10,39ba620d-0ad3-4381-b810-0a1e0189ae22,atencao,Diluir 1:10 em água morna
81,b59aa882-04f8-4fe9-881c-1f72f2834020,compativel,1 colher de chá para 1L de água
120,969cbd46-4e7f-4c4e-ad49-ab8140dd871e,nao_avaliado,2 colheres de sopa puro
produto-x,ac193c26-167b-4f99-9957-f1a2168e7dc7,incompativel,1 tampa (30ml) para 5L de água
80,3590d0ee-5ced-4bc1-bd9a-fad6d8b23888,compativel,1 tampa (30ml) para 5L de água
produto-x,e6e1e8d9-8cfa-4f46-a7cc-820c0caaedd7,compativel,2 colheres de sopa puro
103,e6474470-3fd2-4f84-a7a8-218e2a31b2f5,nao_avaliado,1 tampa (30ml) para 5L de água
8,0cd50458-f6fb-48c0-8ef2-687526e84094,nao_avaliado,1 tampa (30ml) para 5L de água
53,c89d1186-eeaa-4706-b9d5-6e14f843be0f,compativel,"Aplicar puro, sem diluição"
102,d53537ee-b95f-482c-869a-7f3aaa807cb7,atencao,
903404,79e7bdb5-31fb-4c9b-b1e5-931e2e7f0c99,compativel,1 tampa (30ml) para 5L de água
92,6a30eb0a-8e2e-4c8f-ad95-c55d16b42f3f,incompativel,
46,c19f4362-ac71-4ae8-8f41-6d27892b0de2,incompativel,2 colheres de sopa puro
6,2f05bf9a-2eb4-4624-a41a-102f010085d1,atencao,Diluir 1:10 em água morna
70,e4bc2658-e96f-4b23-9fd7-1c686ffe2e91,atencao,Diluir 1:10 em água morna
2,281b4646-4a5a-43a6-87c5-0b892f693629,compativel,2 colheres de sopa puro
107,c8fbdfdd-7829-402f-b353-08880775c74c,incompativel,2 colheres de sopa puro
26,6c8cff6e-c615-43a5-bbeb-6c2f89b91a47,nao_avaliado,
60,fc9206c3-82ba-4667-8cc6-117529594f5a,ok,1 colher de chá para 1L de água
43,4d1688ca-8c71-452f-9f0b-60bb5d014d77,talvez,"Aplicar puro, sem diluição"
1,9d3c3df6-c6ad-409a-8a78-8b57cfb24763,incompativel,2 colheres de sopa puro
99,usuario-invalido,nao_avaliado,2 colheres de sopa puro
106,,compativel,Diluir 1:10 em água morna
15,12060ca6-dd5e-4877-849f-62722a390dcd,atencao,1 tampa (30ml) para 5L de água
produto-x,7eff1601-10de-446c-bd2e-666441111d24,atencao,
109,d2a35ad3-e1d6-4f3d-b074-70ab1dfcef1a,incompativel,Diluir 1:10 em água morna
902751,c52370f8-69d7-4b63-996b-72a73b7e3bc5,compativel,Diluir 1:10 em água morna
939986,699d419e-c5d8-4759-9881-22a4e1536296,incompativel,1 colher de chá para 1L de água
produto-x,,talvez,1 tampa (30ml) para 5L de água
119,ed62d45e-b24d-4541-b82b-8db081a2cdb7,nao_avaliado,
77,c2626a36-a080-408f-bd7b-593084a6c61e,compativel,1 colher de chá para 1L de água
110,6a30eb0a-8e2e-4c8f-ad95-c55d16b42f3f,incompativel,1 tampa (30ml) para 5L de água
36,e6617453-eeb5-4791-b1a1-75e454d76eca,,"Aplicar puro, sem diluição"
11,393b9afe-3ddb-439f-b0ac-33da2691de5c,compativel,2 colheres de sopa puro
97,029c4d39-d212-4a23-8edd-b80df345e543,atencao,"Aplicar puro, sem diluição"
23,941ac9de-6f92-4a9e-a7b5-f2e2d5617b69,nao_avaliado,
produto-x,9024bac2-509f-4f6e-8ee9-86b14a026cfb,compativel,2 colheres de sopa puro
26,24ce46e7-911d-4928-8bfc-0eb88bbe90db,atencao,"Aplicar puro, sem diluição"
974890,05049947-b287-4173-8662-a81277511111,compativel,2 colheres de sopa puro
38,d11a8ed6-bf97-4473-af14-1923694d0c32,compativel,"Aplicar puro, sem diluição"
44,f0ddd667-9240-4210-bb2a-7ff9547390d8,atencao,"Aplicar puro, sem diluição"
49,4cb89629-aa82-47eb-b199-56c4b13f4021,compativel,Diluir 1:10 em água morna
938603,2f518adc-4e8b-40e5-ab14-9ec201585f7e,compativel,Diluir 1:10 em água morna
912898,37850dc3-a42f-420d-961f-5fbe4edf4a36,incompativel,Diluir 1:10 em água morna
43,fe1cbad2-68c2-4b74-abf0-8e74cdc6918a,atencao,2 colheres de sopa puro
18,,atencao,1 tampa (30ml) para 5L de água
37,4abe743a-0de2-40c0-accc-ef5dd586502b,,"Aplicar puro, sem diluição"
97,c3792060-0e98-451d-8762-4cf7a8d730ea,incompativel,"Aplicar puro, sem diluição"
93,3ba27edb-07fe-49b2-8aaa-bdf77db32fd9,nao_avaliado,
44,afb7bd25-d1d4-45a0-a4f8-922facc438c3,nao_avaliado,
57,a81746ea-916b-4f98-bc0b-2a1f9ef788cb,incompativel,1 colher de chá para 1L de água
40,d2127b7c-1a96-4af3-b425-23e27349cf48,atencao,Diluir 1:10 em água morna
55,17909408-edb0-4dfd-aba3-b0bf8c4b15b5,atencao,Diluir 1:10 em água morna
73,d9e87314-e476-449c-994e-ccf8fa9cda42,atencao,1 colher de chá para 1L de água
78,190de567-e86f-4335-95a0-b28fecdbf947,nao_avaliado,"Aplicar puro, sem diluição"
51,c5fd1493-a2eb-4e72-9564-8fa2a2e11da8,compativel,Diluir 1:10 em água morna
58,7e149723-2a9c-4be2-9090-6d9f6f9c9939,compativel,
5,45e0ef92-3836-4770-bcdd-8ae21ef7a898,incompativel,2 colheres de sopa puro
50,69e9fa3e-a811-45b0-92b4-9931a2ff7db3,compativel,"Aplicar puro, sem diluição"
67,db039fbb-398b-4a40-9ef0-33692e39fba8,,"Aplicar puro, sem diluição"
15,4f37c21f-7a26-4f39-b9e5-618c4c516fe1,compativel,"Aplicar puro, sem diluição"
produto-x,4b99cab3-e02e-4381-89ae-1b9e3e474474,ok,"Aplicar puro, sem diluição"
86,7e194b45-5a3b-4f47-888c-3d63e3e798c4,atencao,1 colher de chá para 1L de água
92,292da572-1cd5-481b-8fd3-206b8db4cc1a,incompativel,"Aplicar puro, sem diluição"
52,bf3a311d-b0a0-4e97-96f7-4c3124477ebf,nao_avaliado,"Aplicar puro, sem diluição"
6,afb3ae2d-ad9c-4a1c-b38c-58f99a168e94,nao_avaliado,Diluir 1:10 em água morna
92,b372f753-00ba-4418-b4bd-b26f99b642a4,incompativel,"Aplicar puro, sem diluição"
116,eafa3f93-8c16-47b2-bf46-a3e15b3de05d,incompativel,
51,70954ffb-d627-4043-a070-beca5e9d689c,incompativel,Diluir 1:10 em água morna
970482,4e90edcb-6d72-49c2-947b-dfec46be5285,incompativel,"Aplicar puro, sem diluição"
98,6588fe2b-c81a-43bd-a104-35e165c8d7b2,compativel,1 colher de chá para 1L de água
42,6bac3e0f-8df5-48b5-8d8d-511fb33ad875,compativel,"Aplicar puro, sem diluição"
82,5bb37116-f988-4aa9-8344-110bc02cb201,atencao,
25,40454f84-83fe-4c7b-8897-59020ff91056,incompativel,Diluir 1:10 em água morna
60,3f7ca6fa-d88d-4462-b8fc-95955fe118ec,incompativel,
produto-x,9ae46ec0-2010-4ee3-b0ed-87217d2cb5bf,incompativel,1 tampa (30ml) para 5L de água
23,544c9da7-b248-40b1-9eaa-4a8f3dc82b3e,incompativel,1 tampa (30ml) para 5L de água
2,1b66095e-06c5-4c3f-ae2a-332da107d710,incompativel,2 colheres de sopa puro
115,fbcb3da7-160a-4754-8fac-750c775a3442,compativel,
83,ef11ebf5-5fcd-4224-9089-94e2a7691e3c,,
7,1478ed28-c856-4f0c-8aaf-bab3d2e86710,incompativel,2 colheres de sopa puro
31,08e2d06b-3e89-4b5e-9f58-95bca29bdf57,compativel,Diluir 1:10 em água morna
88,c3715a55-adc0-48dc-9974-9001c159212f,,1 tampa (30ml) para 5L de água
107,2c9152fa-6fdc-43b7-ae34-6e0e1e663a45,nao_avaliado,1 colher de chá para 1L de água
42,6cfcc0d7-fd82-42a0-a783-d1fcb495efdf,incompativel,1 colher de chá para 1L de água
55,5a615b15-1945-45e6-bc09-f4909e7d233a,atencao,2 colheres de sopa puro
84,ec70bacf-90db-4ee0-84ea-dcedb6bcc25e,incompativel,1 tampa (30ml) para 5L de água
36,6588fe2b-c81a-43bd-a104-35e165c8d7b2,incompativel,"Aplicar puro, sem diluição"
77,efea2a9e-4832-48a5-98fc-586513d1d455,incompativel,Diluir 1:10 em água morna
produto-x,713d6ac7-5e57-43f9-8a50-851a78a21bec,incompativel,Diluir 1:10 em água morna
98,aa7405a5-ce32-4123-be3d-6f74d6b12ddd,nao_avaliado,1 tampa (30ml) para 5L de água
78,f4fbba79-8a50-41cb-a9fe-c95519f055fd,incompativel,1 colher de chá para 1L de água
2,8db575a2-4266-43ba-88ee-088ecf63d3a4,compativel,Diluir 1:10 em água morna
55,1dfe8689-cf8c-4730-a686-a04a53bb2285,incompativel,Diluir 1:10 em água morna
26,096e8f49-efcc-4a0f-b274-fc03a5fa114d,incompativel,
57,79e7bdb5-31fb-4c9b-b1e5-931e2e7f0c99,atencao,
6,34c86c3b-07ad-4edd-8ada-e375d28f9f8c,atencao,1 tampa (30ml) para 5L de água
94,21bde5c6-3c99-473f-8b5b-0595c96fcc71,compativel,
,beb599ac-3bc6-4224-8659-941ac9cfbf09,nao_avaliado,1 colher de chá para 1L de água
57,0595e801-9c12-4d60-8d74-3cd6dc19ea98,talvez,2 colheres de sopa puro
19,1904c5d8-3def-40bb-a61e-1899dc6a73f1,incompativel,1 colher de chá para 1L de água
102,aa865cb9-abaf-40ad-9d79-f0a5e68a5033,compativel,"Aplicar puro, sem diluição"
40,5693d93a-c946-4955-80b0-0a017b9b301d,incompativel,1 colher de chá para 1L de água
37,41e7dd68-51f5-4821-805e-d6d56bbc09b2,nao_avaliado,1 tampa (30ml) para 5L de água
produto-x,f0b08d6d-1c5b-49a8-8b44-e9e54e0bacb1,nao_avaliado,"Aplicar puro, sem diluição"
95,642c7714-da9c-45f4-9ece-390a8257ed21,nao_avaliado,1 tampa (30ml) para 5L de água
55,48bb4e85-b847-45e9-a314-23c3d9a48fd6,ok,1 colher de chá para 1L de água
71,5feea4bf-0313-4ad0-b0fc-334c798fbdff,atencao,"Aplicar puro, sem diluição"
72,aeef6389-2e9e-4302-a38b-6e5abf6fd7ff,nao_avaliado,2 colheres de sopa puro
25,d4bc4cdc-2977-49b8-a9c7-b7f08b318cbb,atencao,"Aplicar puro, sem diluição"
54,95c59101-69e3-4b7f-b9b5-2eba774561a7,,Diluir 1:10 em água morna
40,daa3e461-b28c-446e-aad5-012c4787b13f,compativel,1 tampa (30ml) para 5L de água
73,7396850b-189a-419f-b5c3-33a24c9d2d22,atencao,
91,a3d8e0e1-a2b0-4483-9e32-d90bd2fae0dc,compativel,
55,21bde5c6-3c99-473f-8b5b-0595c96fcc71,atencao,
4,410d95fe-030d-4c79-8883-29fecf7c3aa6,nao_avaliado,
32,be7fb3de-aa2c-46f3-86bb-305d4a0855ff,compativel,1 tampa (30ml) para 5L de água
83,00592532-348f-4413-8266-ed78ab3b5f00,compativel,1 colher de chá para 1L de água
955436,f8226b44-7ef4-459b-b1a9-f7c63f619e4d,atencao,1 colher de chá para 1L de água
produto-x,d9dcccab-e310-4f8a-b95c-d4975f9a552a,nao_avaliado,
14,f872860e-f91d-43a5-b4ca-e99b93425e31,incompativel,Diluir 1:10 em água morna
120,a691e371-e424-40fa-90ee-a18c51fbdf8e,incompativel,"Aplicar puro, sem diluição"
9,a1dbbefb-00a4-4218-bb2c-35e87310d41b,atencao,
23,4e9377fe-2749-44f6-ae93-89baba3c52fc,nao_avaliado,2 colheres de sopa puro
15,b34f68f8-21c0-4e48-96f2-f458d95e528e,compativel,
98,ae3b398f-6317-4f0d-9da7-cb90ad6f0156,compativel,
38,0d210f6a-c65f-41b8-92ea-5ddf0e0214db,atencao,1 tampa (30ml) para 5L de água
62,35c951e4-a60d-4409-9587-5f996ec5cf45,compativel,Diluir 1:10 em água morna
1,6a30eb0a-8e2e-4c8f-ad95-c55d16b42f3f,,1 tampa (30ml) para 5L de água
102,45e0ef92-3836-4770-bcdd-8ae21ef7a898,atencao,"Aplicar puro, sem diluição"
44,6d413567-1899-4695-9ef7-309f1d7e0917,atencao,Diluir 1:10 em água morna
121,b51fd8bb-0886-45b4-950b-48db40aab11b,compativel,Diluir 1:10 em água morna
104,7c00779b-e9f3-4350-b5c7-31c0972993e1,,
119,a536a90c-a739-4eba-b0f5-748e47ed6e7b,atencao,
32,99d0de03-b811-477e-a4e1-368be70e9863,nao_avaliado,1 colher de chá para 1L de água
25,9e99d0a3-e68a-4e31-8d6e-708a7dfe41c4,,Diluir 1:10 em água morna
47,bdb68090-624e-48e5-9ebe-6693d5d58350,nao_avaliado,2 colheres de sopa puro
52,cd9de366-e979-4ab1-b2ab-7760ecba1d8e,nao_avaliado,"Aplicar puro, sem diluição"
,b5eed23e-72dc-4ef3-9b06-00b396bfe695,atencao,1 colher de chá para 1L de água
19,71a79e86-7562-46d3-a364-aaa0ff066b56,compativel,2 colheres de sopa puro
12,19723595-e5e8-4be9-817b-f7c560819bb3,,"Aplicar puro, sem diluição"
58,usuario-invalido,incompativel,2 colheres de sopa puro
97,0a49f5cf-80bb-47ee-bc6f-9f6cd7af2826,compativel,"Aplicar puro, sem diluição"
,db039fbb-398b-4a40-9ef0-33692e39fba8,ok,2 colheres de sopa puro
86,9e20c6ef-3ec4-4bdf-8944-629f6a97f52b,incompativel,1 colher de chá para 1L de água
63,439cef71-53bc-426c-9672-8a80ed305620,incompativel,1 colher de chá para 1L de água
77,5d49ebc8-ba0b-4256-8c95-8d495f57358a,nao_avaliado,
72,usuario-invalido,incompativel,2 colheres de sopa puro
38,946b046b-353a-4bef-b248-2d67d55d4ce8,incompativel,
975083,afb7bd25-d1d4-45a0-a4f8-922facc438c3,,1 colher de chá para 1L de água
40,c43be464-4630-4793-9841-0b5c6868a014,nao_avaliado,"Aplicar puro, sem diluição"
47,a6b3b987-f341-4ffe-9959-825f7c217d43,incompativel,1 tampa (30ml) para 5L de água
69,8fec8d45-feac-4c0f-b8ed-20cf34aeefd4,atencao,2 colheres de sopa puro
59,7eff1601-10de-446c-bd2e-666441111d24,compativel,1 colher de chá para 1L de água
65,,nao_avaliado,
64,8334ba97-b7e2-4cee-97e5-8b6bcd346a77,atencao,2 colheres de sopa puro
27,94df3b55-58c4-4648-8522-123a5a77ce47,compativel,2 colheres de sopa puro
94,ef11ebf5-5fcd-4224-9089-94e2a7691e3c,compatível!,1 tampa (30ml) para 5L de água
44,3300c7bb-76db-4c54-b70f-85e351ae3da9,,"Aplicar puro, sem diluição"
68,67654475-0b01-4fe1-b5d4-cb2b3a5869f2,incompativel,
51,b5f25daa-c9af-4616-95ee-40c365e60473,compativel,
84,c52370f8-69d7-4b63-996b-72a73b7e3bc5,nao_avaliado,Diluir 1:10 em água morna
927494,53b1ec3b-9814-41d7-86ae-f97c64fb9135,compativel,Diluir 1:10 em água morna
74,d9f07de0-17ad-42ad-8aef-9cf331909ed2,,2 colheres de sopa puro
55,735b0d07-bf21-43da-9f24-ce7e905dc51b,talvez,Diluir 1:10 em água morna
produto-x,95930557-560c-4d24-bf6f-6a9e8989062f,atencao,1 colher de chá para 1L de água
20,17909408-edb0-4dfd-aba3-b0bf8c4b15b5,compativel,2 colheres de sopa puro
39,f680340a-6c84-4218-a990-e7b7fb411f1f,nao_avaliado,
,946b046b-353a-4bef-b248-2d67d55d4ce8,nao_avaliado,Diluir 1:10 em água morna
57,bc5895ed-cd68-4355-9471-c6079369e169,compativel,"Aplicar puro, sem diluição"
117,de512fa4-abef-4217-85a4-50fc2e6c69b5,nao_avaliado,Diluir 1:10 em água morna
13,8e14f704-17c4-49e7-9ba4-df8bb67ec3d0,nao_avaliado,Diluir 1:10 em água morna
13,43199b88-e0bf-4cb7-9630-05778b91cf62,compatível!,"Aplicar puro, sem diluição"
3,62be2cf6-8911-4c34-ad3d-137759ae0760,nao_avaliado,1 tampa (30ml) para 5L de água
75,393b9afe-3ddb-439f-b0ac-33da2691de5c,incompativel,
923680,8aa47f93-c4e5-44b8-884a-b5bc0079ff0e,nao_avaliado,Diluir 1:10 em água morna
17,3e86cb66-656f-4848-9c3a-abca7fba5db6,atencao,1 tampa (30ml) para 5L de água
16,50ca7fdc-22cb-4bb8-bf4a-064648f7ea98,,2 colheres de sopa puro
121,105b5597-17e9-4b86-a808-ce53b6256aff,atencao,
18,8aa47f93-c4e5-44b8-884a-b5bc0079ff0e,atencao,1 colher de chá para 1L de água
27,be7fb3de-aa2c-46f3-86bb-305d4a0855ff,incompativel,1 tampa (30ml) para 5L de água
39,ede56e69-3431-46eb-8767-38eafc1bbd36,,1 colher de chá para 1L de água
76,7444bbd5-e472-4a1c-8e72-fefe9fbbbf2c,nao_avaliado,1 tampa (30ml) para 5L de água
34,897673ee-ed22-429c-9cdb-9992f266280e,compativel,Diluir 1:10 em água morna
121,c43be464-4630-4793-9841-0b5c6868a014,atencao,
25,c48a30e5-1815-4939-a722-117d50c63725,incompativel,"Aplicar puro, sem diluição"
41,,compativel,1 colher de chá para 1L de água
35,df8019c3-4a37-43b7-8140-62b9eebf34f9,nao_avaliado,1 tampa (30ml) para 5L de água
12,ac193c26-167b-4f99-9957-f1a2168e7dc7,incompativel,2 colheres de sopa puro
13,abb387ce-47e8-4459-ba74-e9c2d7aaa2f5,compativel,1 tampa (30ml) para 5L de água
94,daa3e461-b28c-446e-aad5-012c4787b13f,nao_avaliado,1 tampa (30ml) para 5L de água
90,d8755bc7-727c-40c0-9287-3a753d4f6004,compativel,1 tampa (30ml) para 5L de água
97,9e8a4141-a7d8-4943-99a9-61547cab92f6,nao_avaliado,"Aplicar puro, sem diluição"
34,2f518adc-4e8b-40e5-ab14-9ec201585f7e,incompativel,2 colheres de sopa puro
95,c19f4362-ac71-4ae8-8f41-6d27892b0de2,atencao,
87,185f5a0b-c77b-4f5b-93a4-d173d0b2689c,nao_avaliado,Diluir 1:10 em água morna
65,a6c30fba-b000-44af-9a36-1dcaa6a18e9f,incompativel,Diluir 1:10 em água morna
12,3c5833aa-75d2-4e4c-88bf-062292af2511,atencao,1 tampa (30ml) para 5L de água
10,52e0b903-418f-4267-997a-f9d10963a51c,compativel,1 tampa (30ml) para 5L de água
71,564b1eaa-68c0-40b4-9e28-fad2fa3d78e0,compativel,"Aplicar puro, sem diluição"
120,b59aa882-04f8-4fe9-881c-1f72f2834020,compativel,"Aplicar puro, sem diluição"
25,73e26dcf-e52a-4f2f-9e5c-3e6da2867cc9,nao_avaliado,
45,e1ec5d30-fee4-4d0b-ba6b-1435a6c9ba56,compativel,1 colher de chá para 1L de água
22,0f05549d-1cd9-4455-aeb4-63a914d95315,incompativel,2 colheres de sopa puro
