id_substancia_a,id_classe_a,id_substancia_b,id_classe_b,severidade,descricao_risco,fonte,ativo
,8,,7,critica,Reação pode causar queimaduras químicas por contato.,,false
4,,,,baixa,Risco de explosão em ambientes confinados.,,true
15,,,9,,,,true
,2,12,,critica,Formação de gás tóxico (ex: cloro) ao entrar em contato.,,true
,10,,7,baixa,Formação de gás tóxico (ex: cloro) ao entrar em contato.,NBR 14725,false
,4,13,,baixa,Formação de gás tóxico (ex: cloro) ao entrar em contato.,,true
8,,1,,critica,Formação de gás tóxico (ex: cloro) ao entrar em contato.,NBR 14725,false
8,,,9,media,Risco de explosão em ambientes confinados.,NBR 14725,true
5,,11,,baixa,Reação exotérmica com liberação de calor intenso.,,false
11,,,6,baixa,Formação de gás tóxico (ex: cloro) ao entrar em contato.,NBR 14725,false
2,,7,,critica,Formação de gás tóxico (ex: cloro) ao entrar em contato.,NBR 14725,false
1,,,2,baixa,Corrosão acelerada de superfícies metálicas.,NBR 14725,true
,7,2,,alta,Formação de gás tóxico (ex: cloro) ao entrar em contato.,,false
1,,9,,,Reação pode causar queimaduras químicas por contato.,NBR 14725,true
8,,1,,critica,Formação de gás tóxico (ex: cloro) ao entrar em contato.,,
,1,,8,critica,Liberação de vapores irritantes às vias respiratórias.,NBR 14725,false
,3,,2,alta,Reação pode causar queimaduras químicas por contato.,NBR 14725,false
14,,12,,critica,Reação pode causar queimaduras químicas por contato.,NBR 14725,true
14,4,,,media,Reação exotérmica com liberação de calor intenso.,NBR 14725,false
,4,,7,alta,Reação pode causar queimaduras químicas por contato.,NBR 14725,
15,9,,,alta,Liberação de vapores irritantes às vias respiratórias.,NBR 14725,
10,,,6,baixa,Liberação de vapores irritantes às vias respiratórias.,NBR 14725,false
,8,,3,media,Risco de explosão em ambientes confinados.,,false
5,,1,,baixa,Risco de explosão em ambientes confinados.,NBR 14725,true
15,,14,,media,,,true
,5,8,,extrema,Reação pode causar queimaduras químicas por contato.,NBR 14725,true
15,5,,3,alta,Formação de gás tóxico (ex: cloro) ao entrar em contato.,,true
5,,10,,,Liberação de vapores irritantes às vias respiratórias.,,true
6,,,6,critica,Liberação de vapores irritantes às vias respiratórias.,NBR 14725,
,2,,10,extrema,Risco de explosão em ambientes confinados.,NBR 14725,false
,3,1,,critica,Reação exotérmica com liberação de calor intenso.,NBR 14725,true
5,,,6,moderada,Reação pode causar queimaduras químicas por contato.,NBR 14725,true
,8,15,,media,Risco de explosão em ambientes confinados.,,
,4,1,,baixa,Formação de gás tóxico (ex: cloro) ao entrar em contato.,NBR 14725,false
,5,3,,alta,Reação pode causar queimaduras químicas por contato.,NBR 14725,true
,3,12,,media,Reação pode causar queimaduras químicas por contato.,NBR 14725,false
10,,11,,critica,Reação exotérmica com liberação de calor intenso.,NBR 14725,true
10,,10,,critica,Risco de explosão em ambientes confinados.,,false
,6,,9,critica,Formação de gás tóxico (ex: cloro) ao entrar em contato.,,false
,3,13,,critica,Reação pode causar queimaduras químicas por contato.,NBR 14725,sim
12,,,9,alta,Corrosão acelerada de superfícies metálicas.,NBR 14725,false
12,,2,,critica,,NBR 14725,true
,7,,7,moderada,Reação exotérmica com liberação de calor intenso.,NBR 14725,false
,1,,6,critica,Reação pode causar queimaduras químicas por contato.,NBR 14725,false
,4,3,,media,Reação exotérmica com liberação de calor intenso.,,true
1,,7,,baixa,Reação pode causar queimaduras químicas por contato.,,
14,,14,,alta,Corrosão acelerada de superfícies metálicas.,,false
2,,,3,alta,Liberação de vapores irritantes às vias respiratórias.,NBR 14725,false
,5,,5,alta,Formação de gás tóxico (ex: cloro) ao entrar em contato.,,true
15,10,,7,baixa,Risco de explosão em ambientes confinados.,,false
13,,4,,alta,Reação pode causar queimaduras químicas por contato.,,false
,10,,1,baixa,,NBR 14725,true
8,3,1,,critica,Reação pode causar queimaduras químicas por contato.,NBR 14725,true
13,,,4,critica,Reação pode causar queimaduras químicas por contato.,NBR 14725,false
,7,,9,critica,Corrosão acelerada de superfícies metálicas.,,true
,4,10,,critica,Corrosão acelerada de superfícies metálicas.,NBR 14725,sim
,1,3,,alta,Risco de explosão em ambientes confinados.,,
3,10,,,baixa,Reação exotérmica com liberação de calor intenso.,NBR 14725,false
,4,5,,,Risco de explosão em ambientes confinados.,,false
,2,15,,critica,Formação de gás tóxico (ex: cloro) ao entrar em contato.,,true
,2,14,,baixa,,,false
14,,,,alta,Risco de explosão em ambientes confinados.,,false
7,8,7,,baixa,Liberação de vapores irritantes às vias respiratórias.,NBR 14725,true
13,,1,,leve,Risco de explosão em ambientes confinados.,,true
,7,,1,critica,,,false
,9,7,,media,Reação exotérmica com liberação de calor intenso.,NBR 14725,false
9,,10,,alta,Reação pode causar queimaduras químicas por contato.,NBR 14725,true
,6,,3,baixa,Liberação de vapores irritantes às vias respiratórias.,NBR 14725,true
,2,10,,baixa,Risco de explosão em ambientes confinados.,,false
,3,,1,baixa,Corrosão acelerada de superfícies metálicas.,,true
12,,,5,alta,Reação exotérmica com liberação de calor intenso.,,true
2,,6,,critica,Liberação de vapores irritantes às vias respiratórias.,,false
7,,,6,alta,Formação de gás tóxico (ex: cloro) ao entrar em contato.,NBR 14725,true
10,,,,alta,Reação pode causar queimaduras químicas por contato.,NBR 14725,false
10,,,,media,Reação pode causar queimaduras químicas por contato.,NBR 14725,true
,9,,9,baixa,Reação pode causar queimaduras químicas por contato.,NBR 14725,false
,4,13,,alta,Risco de explosão em ambientes confinados.,,true
,7,6,,baixa,Reação pode causar queimaduras químicas por contato.,NBR 14725,false
,3,,4,critica,Reação pode causar queimaduras químicas por contato.,NBR 14725,false
7,,3,,media,Liberação de vapores irritantes às vias respiratórias.,NBR 14725,false
,8,,3,,Formação de gás tóxico (ex: cloro) ao entrar em contato.,,false
6,3,9,,alta,Risco de explosão em ambientes confinados.,NBR 14725,true
,8,,8,critica,Liberação de vapores irritantes às vias respiratórias.,,true
10,,11,,alta,Corrosão acelerada de superfícies metálicas.,,true
1,,,9,critica,Liberação de vapores irritantes às vias respiratórias.,NBR 14725,true
,4,5,,alta,Risco de explosão em ambientes confinados.,NBR 14725,false
,5,,5,,Formação de gás tóxico (ex: cloro) ao entrar em contato.,,true
,3,15,,media,Reação exotérmica com liberação de calor intenso.,NBR 14725,false
,8,2,,baixa,Liberação de vapores irritantes às vias respiratórias.,NBR 14725,true
12,2,,,,Reação pode causar queimaduras químicas por contato.,,false
8,,,9,baixa,Risco de explosão em ambientes confinados.,,true
,6,,,baixa,,,false
4,4,3,,media,Risco de explosão em ambientes confinados.,NBR 14725,true
,4,,,baixa,Corrosão acelerada de superfícies metálicas.,NBR 14725,false
,10,6,,media,Formação de gás tóxico (ex: cloro) ao entrar em contato.,,false
6,,,5,baixa,,,false
11,,,,media,Risco de explosão em ambientes confinados.,,false
,8,,8,media,Risco de explosão em ambientes confinados.,NBR 14725,
13,,11,,critica,Liberação de vapores irritantes às vias respiratórias.,NBR 14725,
,6,,1,critica,Formação de gás tóxico (ex: cloro) ao entrar em contato.,NBR 14725,true
,6,,,baixa,,NBR 14725,false
,9,,,baixa,Risco de explosão em ambientes confinados.,NBR 14725,sim
12,,13,,alta,Formação de gás tóxico (ex: cloro) ao entrar em contato.,NBR 14725,true
9,,7,,baixa,Risco de explosão em ambientes confinados.,NBR 14725,true
,7,,3,alta,Reação exotérmica com liberação de calor intenso.,NBR 14725,false
,9,,3,critica,Corrosão acelerada de superfícies metálicas.,,false
5,,2,,critica,Liberação de vapores irritantes às vias respiratórias.,NBR 14725,sim
15,,,9,baixa,,,sim
,8,1,,media,Liberação de vapores irritantes às vias respiratórias.,NBR 14725,false
,2,3,,critica,Reação exotérmica com liberação de calor intenso.,NBR 14725,false
,4,8,,alta,Formação de gás tóxico (ex: cloro) ao entrar em contato.,NBR 14725,false
5,4,,8,alta,,NBR 14725,false
,2,,7,critica,Reação exotérmica com liberação de calor intenso.,NBR 14725,true
,2,7,,critica,Corrosão acelerada de superfícies metálicas.,NBR 14725,true
15,,,5,alta,Formação de gás tóxico (ex: cloro) ao entrar em contato.,NBR 14725,true
,6,,5,media,,,true
,8,7,,critica,Reação exotérmica com liberação de calor intenso.,NBR 14725,true
1,,,10,alta,Formação de gás tóxico (ex: cloro) ao entrar em contato.,NBR 14725,true
,7,,5,critica,,NBR 14725,true
12,,3,,baixa,Corrosão acelerada de superfícies metálicas.,NBR 14725,false
,10,13,,critica,Reação exotérmica com liberação de calor intenso.,,sim
,3,8,,leve,Reação exotérmica com liberação de calor intenso.,NBR 14725,false
9,,,4,critica,Reação pode causar queimaduras químicas por contato.,NBR 14725,false
,4,,5,critica,Liberação de vapores irritantes às vias respiratórias.,,true
6,,14,,critica,Risco de explosão em ambientes confinados.,,true
12,,,4,media,Risco de explosão em ambientes confinados.,NBR 14725,
,1,,,baixa,Reação pode causar queimaduras químicas por contato.,NBR 14725,false
10,,,8,,Liberação de vapores irritantes às vias respiratórias.,NBR 14725,true
15,,,3,extrema,Reação exotérmica com liberação de calor intenso.,NBR 14725,true
,5,,4,baixa,Reação pode causar queimaduras químicas por contato.,,true
10,6,,7,baixa,Corrosão acelerada de superfícies metálicas.,NBR 14725,true
4,,,7,baixa,Corrosão acelerada de superfícies metálicas.,NBR 14725,true
2,,,3,media,Reação pode causar queimaduras químicas por contato.,,true
2,,,4,media,Reação pode causar queimaduras químicas por contato.,NBR 14725,false
6,,14,,media,Risco de explosão em ambientes confinados.,NBR 14725,true
,6,,9,media,Corrosão acelerada de superfícies metálicas.,NBR 14725,true
7,6,,,alta,Reação pode causar queimaduras químicas por contato.,,false
,5,5,,baixa,Reação pode causar queimaduras químicas por contato.,NBR 14725,false
10,,,6,alta,Reação exotérmica com liberação de calor intenso.,NBR 14725,false
15,,3,,media,Liberação de vapores irritantes às vias respiratórias.,,false
4,,6,,critica,Risco de explosão em ambientes confinados.,NBR 14725,
,9,7,,critica,Formação de gás tóxico (ex: cloro) ao entrar em contato.,NBR 14725,
12,9,10,,media,Reação exotérmica com liberação de calor intenso.,,true
3,,11,,media,Reação exotérmica com liberação de calor intenso.,NBR 14725,
,3,,6,media,Liberação de vapores irritantes às vias respiratórias.,NBR 14725,true
,8,,,baixa,Risco de explosão em ambientes confinados.,,false
14,7,,9,critica,Corrosão acelerada de superfícies metálicas.,NBR 14725,
6,,14,,critica,Reação pode causar queimaduras químicas por contato.,NBR 14725,true
6,,3,,alta,Reação pode causar queimaduras químicas por contato.,,false
9,,,8,alta,Reação exotérmica com liberação de calor intenso.,,true
