nome,id_marca,descricao,tipo_produto,cod_barras,foto_url
Limpa Vidros Cítrico,,,aromatizante,5305269546203,https://picsum.photos/seed/49161/400/400.jpg
Amaciante Lavanda,33,,limpeza_geral,9019758339264,
,39,Voluptates sint adipisci ullam nulla temporibus.,outro,3141785137912,https://picsum.photos/seed/72919/400/400.jpg
Detergente Lavanda,74,Quod commodi tenetur corporis numquam odio.,desincrustante,5340916899691,https://picsum.photos/seed/74775/400/400.jpg
Limpa Vidros Lavanda,28,Illo cumque ipsum corporis accusamus quas asperiores distinctio consequuntur nemo sapiente.,aromatizante,6909328620102,https://picsum.photos/seed/4899/400/400.jpg
Detergente Frescor,74,Consectetur quo quo illum eligendi hic inventore illo eligendi placeat architecto.,desengraxante,8756625249158,https://picsum.photos/seed/78945/400/400.jpg
Limpador Cítrico,marca-x,Laboriosam est esse quas aliquam expedita.,desincrustante,1769066880955,https://picsum.photos/seed/6622/400/400.jpg
,51,,limpeza_geral,9794047711685,https://picsum.photos/seed/10820/400/400.jpg
Alvejante Ultra,7,Maxime dolores distinctio eveniet voluptatibus dolorum at.,aromatizante,8073411871127,https://picsum.photos/seed/85492/400/400.jpg
Água Sanitária Spray,72,Occaecati nulla quia fugiat quaerat neque facilis sequi vero amet praesentium ut.,desengraxante,4593934196018,https://picsum.photos/seed/55515/400/400.jpg
Removedor Concentrado,25,,desincrustante,8002188966422,https://picsum.photos/seed/5883/400/400.jpg
Limpador Frescor,marca-x,Officiis rem perspiciatis porro natus porro rem earum modi qui rem consequuntur.,limpeza_geral,,nao_e_uma_url
Alvejante Concentrado,marca-x,Eius saepe corrupti eius autem necessitatibus impedit in magnam esse minima.,desincrustante,,https://picsum.photos/seed/26713/400/400.jpg
Removedor Gel,34,Odio quod numquam quaerat ullam rerum consequatur doloremque eum dolor repellat.,desengraxante,5974337524995,https://picsum.photos/seed/37227/400/400.jpg
Detergente Lavanda,90,Debitis ratione fuga veritatis error cum consequuntur.,desengraxante,9961547160576,nao_e_uma_url
Limpador Cítrico,14,Rerum eos voluptatum consequuntur ut veritatis sapiente nobis.,aromatizante,7330138816352,nao_e_uma_url
Amaciante Profissional,24,,desinfetante,7480532080351,https://picsum.photos/seed/2409/400/400.jpg
Alvejante Spray,46,,,,https://picsum.photos/seed/3863/400/400.jpg
,marca-x,Libero culpa rerum debitis soluta dicta adipisci incidunt doloremque.,desengraxante,,
Sabão Líquido Spray,81,Quas illo adipisci nam ipsa dignissimos.,desincrustante,0061405383525,https://picsum.photos/seed/18164/400/400.jpg
Multiuso Tradicional,88,Culpa quas occaecati dolorem minus placeat quam.,premium,0651041241565,https://picsum.photos/seed/74036/400/400.jpg
Água Sanitária Ultra,941614,Officia nemo tempora ratione accusamus atque veritatis quis eius nobis voluptas odio.,desinfetante,5659942929150,nao_e_uma_url
Limpador Tradicional,53,Nemo animi perspiciatis officiis saepe deserunt itaque rem voluptatibus eum repudiandae consectetur maxime.,desinfetante,0316408737715,https://picsum.photos/seed/74324/400/400.jpg
Limpador Concentrado,77,Debitis eligendi facere error saepe deleniti nobis molestiae molestiae sunt ipsam minus beatae.,desengraxante,3769810262448,https://picsum.photos/seed/24115/400/400.jpg
Multiuso Spray,964414,Beatae rem dolorum ex id occaecati dicta explicabo tempore rerum nam.,limpeza_geral,9145065110569,https://picsum.photos/seed/26586/400/400.jpg
Amaciante Max,9,Ea beatae voluptates nulla quae adipisci quisquam animi est voluptatibus ducimus quasi.,desengraxante,6527073681270,https://picsum.photos/seed/49857/400/400.jpg
Removedor Max,51,Nemo provident similique consectetur ratione id quibusdam et eius.,aromatizante,4635855715982,
Sabão Líquido Concentrado,32,Ut recusandae aspernatur nihil sunt delectus itaque facilis.,aromatizante,4144630730510,
Sabão Líquido Tradicional,37,Temporibus consectetur ab rerum et autem blanditiis ducimus.,alvejante,6703358853369,https://picsum.photos/seed/65623/400/400.jpg
Água Sanitária Gel,75,Nostrum minus architecto neque atque repellat beatae placeat fuga ut eveniet animi deleniti.,limpeza_geral,1067352250902,https://picsum.photos/seed/59597/400/400.jpg
Multiuso Ultra,42,Quis temporibus minus pariatur ducimus omnis eius.,aromatizante,3820023442857,https://picsum.photos/seed/67066/400/400.jpg
Sabão Líquido Concentrado,21,,premium,1990082911082,https://picsum.photos/seed/40379/400/400.jpg
Multiuso Ultra,58,,,,https://picsum.photos/seed/754/400/400.jpg
Removedor Lavanda,64,Quidem deserunt praesentium magni numquam deserunt alias fugiat laborum odit repellat.,alvejante,0917698554701,https://picsum.photos/seed/73080/400/400.jpg
Multiuso Concentrado,27,Temporibus atque iste repudiandae sequi ipsa neque dolorum.,outro,0061405383525,https://picsum.photos/seed/23364/400/400.jpg
Removedor Max,37,,desengraxante,6499500391758,https://picsum.photos/seed/42313/400/400.jpg
Sabão Líquido Profissional,49,Dignissimos ut voluptate voluptatum dolorem laborum ipsa labore.,limpeza_geral,2836742735751,https://picsum.photos/seed/91204/400/400.jpg
Limpador Profissional,8,,aromatizante,4944634394523,https://picsum.photos/seed/41483/400/400.jpg
,74,Aspernatur rem molestiae dolore quo repellat.,alvejante,2190794536255,
Desengraxante Concentrado,930503,Dolores dolorem ipsa beatae quae ratione atque sed nihil voluptates.,outro,7110705277249,
Limpador Spray,43,Autem illo tenetur necessitatibus voluptatum nisi perferendis aliquid.,desincrustante,,https://picsum.photos/seed/804/400/400.jpg
Removedor Max,43,,desinfetante,5666682729179,
Multiuso Lavanda,83,,desincrustante,4866450938548,nao_e_uma_url
Limpador Frescor,67,Harum animi illum aspernatur soluta harum expedita voluptatem in alias a.,alvejante,9039017887107,nao_e_uma_url
Detergente Frescor,20,,outro,6443062419771,https://picsum.photos/seed/98506/400/400.jpg
Alvejante Cítrico,41,Explicabo tempore culpa totam eius ducimus voluptates unde odit optio.,concentrado_xl,9297219023451,https://picsum.photos/seed/14711/400/400.jpg
Desinfetante Lavanda,5,Autem exercitationem quas eius suscipit eius adipisci quibusdam culpa repellendus itaque esse exercitationem similique.,alvejante,9075047482523,
Desinfetante Profissional,42,Voluptas voluptas cumque sapiente enim tenetur neque.,aromatizante,9145065110569,https://picsum.photos/seed/5772/400/400.jpg
Limpa Vidros Lavanda,77,,outro,3253865020806,https://picsum.photos/seed/27505/400/400.jpg
Água Sanitária Frescor,25,,desincrustante,4192886721837,https://picsum.photos/seed/67379/400/400.jpg
Limpa Vidros Tradicional,70,Perspiciatis perspiciatis deserunt nisi perferendis officia repellendus eveniet sint dolore.,desincrustante,9224084207105,
Amaciante Concentrado,7,Consequatur pariatur a distinctio voluptates repellendus quo.,desengraxante,8180266478026,nao_e_uma_url
Removedor Frescor,89,Magnam accusamus consectetur at rem in quia temporibus ratione sed aliquam.,aromatizante,0417015041490,
Amaciante Ultra,73,Cum cum officia aspernatur voluptate facilis laudantium est quo ducimus saepe.,aromatizante,6728587402751,nao_e_uma_url
Limpa Vidros Cítrico,79,Porro expedita voluptatibus animi voluptatibus optio accusantium.,concentrado_xl,3654490570566,https://picsum.photos/seed/62304/400/400.jpg
Multiuso Tradicional,62,,desinfetante,9619054343103,https://picsum.photos/seed/72896/400/400.jpg
Sabão Líquido Max,39,Accusantium aspernatur odit ducimus porro ut architecto quibusdam veritatis quaerat et aspernatur.,alvejante,6623689757245,https://picsum.photos/seed/90972/400/400.jpg
Limpa Vidros Profissional,56,Voluptatum necessitatibus veritatis sapiente temporibus voluptatem accusamus eaque consequatur ullam deleniti id nostrum.,aromatizante,3253865020806,https://picsum.photos/seed/60675/400/400.jpg
Multiuso Tradicional,13,,limpeza_geral,3631007136590,https://picsum.photos/seed/84541/400/400.jpg
Multiuso Max,12,,limpeza_geral,6190072953916,https://picsum.photos/seed/80685/400/400.jpg
Limpa Vidros Tradicional,26,Possimus sunt nihil nisi dolor iste.,concentrado_xl,1285587286668,
Removedor Profissional,,Culpa veritatis possimus error at maxime porro aspernatur sint consequuntur omnis doloremque tempore.,desincrustante,4944634394523,https://picsum.photos/seed/47087/400/400.jpg
Desengraxante Cítrico,37,,desincrustante,2429963387832,https://picsum.photos/seed/22730/400/400.jpg
Limpa Vidros Cítrico,25,Repellat eos repellat deserunt consequatur unde corporis officia iste ad illo voluptatibus consequatur.,,3070272995356,https://picsum.photos/seed/94548/400/400.jpg
Multiuso Ultra,986235,Commodi nostrum quas sapiente quasi ipsam nesciunt beatae.,outro,0590655981187,https://picsum.photos/seed/23567/400/400.jpg
Amaciante Cítrico,55,Molestiae in explicabo fugit maxime rem minus libero nostrum ea voluptates.,alvejante,1990082911082,https://picsum.photos/seed/53850/400/400.jpg
Detergente Concentrado,marca-x,Harum placeat possimus quisquam iure tempora eaque.,limpeza_geral,7959025559341,https://picsum.photos/seed/68998/400/400.jpg
,,,limpeza_geral,1159971187933,https://picsum.photos/seed/86998/400/400.jpg
Limpador Profissional,,,limpeza_geral,1737549778280,https://picsum.photos/seed/61504/400/400.jpg
Alvejante Tradicional,43,Consequuntur corporis sequi reprehenderit quos fuga.,alvejante,2473537714210,https://picsum.photos/seed/62019/400/400.jpg
Alvejante Max,74,Adipisci expedita numquam repudiandae tempora beatae eum ratione recusandae nisi ratione dolore unde.,desinfetante,5859018054650,https://picsum.photos/seed/36828/400/400.jpg
Desinfetante Max,33,Similique dolorem animi natus officia nemo dicta delectus enim.,desinfetante,2597879473045,https://picsum.photos/seed/30959/400/400.jpg
Limpa Vidros Ultra,68,,outro,6867401534664,nao_e_uma_url
Limpador Gel,31,Veniam mollitia similique cum autem animi eius consectetur fuga cumque voluptate cumque nisi.,desincrustante,6499500391758,https://picsum.photos/seed/52265/400/400.jpg
Água Sanitária Spray,61,Debitis mollitia inventore hic quisquam magnam tempore.,desengraxante,9022962599720,https://picsum.photos/seed/58828/400/400.jpg
,41,Est architecto nisi iste et nostrum magni nobis saepe a.,alvejante,1016048873062,
Desinfetante Tradicional,943904,Explicabo pariatur quas nemo nemo ex assumenda aperiam excepturi inventore.,outro,9572259745014,https://picsum.photos/seed/68152/400/400.jpg
,89,Ducimus minima distinctio fugiat odit aspernatur.,limpeza_geral,,https://picsum.photos/seed/58451/400/400.jpg
Detergente Concentrado,37,Quibusdam voluptate id impedit praesentium natus fugiat a.,alvejante,7877080512043,nao_e_uma_url
,91,Amet nemo nihil distinctio eum qui amet.,desengraxante,7805678222111,
Alvejante Lavanda,991180,Debitis ut quae nobis esse fuga harum nisi beatae doloribus libero.,desengraxante,6297484830627,
Desinfetante Tradicional,42,,desincrustante,9011805052850,https://picsum.photos/seed/9097/400/400.jpg
Multiuso Lavanda,26,Quod in corporis tenetur praesentium numquam magnam vero eum deserunt dolorum dolor.,desengraxante,1012703066374,nao_e_uma_url
Desinfetante Max,14,,limpeza_geral,6088838522905,
Limpa Vidros Cítrico,35,Tempore expedita praesentium quasi fugit asperiores commodi maiores ducimus iusto totam.,outro,9416218547656,https://picsum.photos/seed/9189/400/400.jpg
Amaciante Ultra,1,Facere voluptatibus ex adipisci nam aliquid ullam.,,3951170863650,https://picsum.photos/seed/84814/400/400.jpg
Limpa Vidros Ultra,69,,desincrustante,5324090108800,https://picsum.photos/seed/25036/400/400.jpg
Limpador Frescor,50,Asperiores cupiditate amet repellendus perspiciatis est quibusdam.,,7065094719637,https://picsum.photos/seed/77719/400/400.jpg
Água Sanitária Tradicional,50,Magni aut animi quidem consectetur excepturi odio quos a.,,4813091993580,https://picsum.photos/seed/44266/400/400.jpg
Desengraxante Profissional,6,Earum praesentium cupiditate sunt in possimus facere adipisci maxime numquam minus laudantium assumenda.,outro,4023879428948,https://picsum.photos/seed/96399/400/400.jpg
Removedor Concentrado,84,Magni ab ipsa sit deleniti alias aliquam laborum necessitatibus maxime nihil ducimus impedit.,limpeza_geral,,https://picsum.photos/seed/59794/400/400.jpg
Desinfetante Ultra,76,Debitis delectus est eveniet fugit quod.,desinfetante,6527073681270,
Limpador Max,42,Veniam beatae iure culpa dolor facilis.,outro,,https://picsum.photos/seed/35900/400/400.jpg
Limpa Vidros Profissional,54,Doloribus omnis iste alias nisi maiores perferendis.,alvejante,1372249061128,https://picsum.photos/seed/20678/400/400.jpg
Detergente Gel,63,,alvejante,7518118393745,https://picsum.photos/seed/90749/400/400.jpg
Água Sanitária Lavanda,19,Deserunt modi animi sed at eveniet aperiam at.,,,https://picsum.photos/seed/11538/400/400.jpg
Detergente Profissional,39,Possimus beatae molestiae quia aliquam doloremque.,alvejante,8933483710413,nao_e_uma_url
Amaciante Spray,,Ipsam consequuntur nihil sint laborum repellat maiores aspernatur deserunt.,outro,8920905026368,nao_e_uma_url
Detergente Concentrado,21,Qui atque consectetur sint totam distinctio dignissimos nemo.,desengraxante,5884547207628,nao_e_uma_url
Água Sanitária Gel,14,Voluptatem rerum debitis praesentium inventore similique qui ipsum dolor accusamus sequi.,alvejante,6330943498072,https://picsum.photos/seed/42726/400/400.jpg
Desengraxante Ultra,87,Dignissimos eveniet numquam asperiores maiores quibusdam sed vel pariatur ipsam minima.,aromatizante,2921003416309,nao_e_uma_url
Sabão Líquido Gel,75,Ullam hic minima animi at maxime tempore eos quam nisi ullam dignissimos.,desinfetante,7583256265148,https://picsum.photos/seed/35350/400/400.jpg
Removedor Concentrado,17,Nemo praesentium optio pariatur iste ipsum atque laboriosam animi voluptate sit laudantium.,desengraxante,2754773238471,
,82,,alvejante,,nao_e_uma_url
Amaciante Tradicional,28,Exercitationem exercitationem unde libero dolor recusandae cum iusto sequi voluptates.,outro,9941906031907,
Detergente Cítrico,20,,desengraxante,4119220713983,https://picsum.photos/seed/91312/400/400.jpg
Desinfetante Profissional,58,,desengraxante,6992209331693,https://picsum.photos/seed/11893/400/400.jpg
Amaciante Max,86,,desengraxante,3007989701758,https://picsum.photos/seed/48552/400/400.jpg
Limpador Ultra,91,Laborum dolore reprehenderit repudiandae tenetur molestiae laborum mollitia necessitatibus aperiam dolor delectus voluptatibus.,alvejante,3631007136590,https://picsum.photos/seed/75397/400/400.jpg
Limpa Vidros Concentrado,88,Sit voluptatibus quo doloribus magni ipsam ex nostrum et.,concentrado_xl,2558308672439,https://picsum.photos/seed/47917/400/400.jpg
Desinfetante Profissional,83,,desincrustante,9027023257656,
Desengraxante Frescor,90,Nobis occaecati quaerat sequi reiciendis architecto eius exercitationem ipsa veritatis laboriosam.,aromatizante,,https://picsum.photos/seed/65727/400/400.jpg
Água Sanitária Profissional,16,,desincrustante,7757418201361,
Sabão Líquido Gel,59,Maxime asperiores magnam officiis tempore iusto autem laboriosam dolorem vel.,,7323143630228,https://picsum.photos/seed/26773/400/400.jpg
Sabão Líquido Profissional,81,,desengraxante,7550236598572,https://picsum.photos/seed/30452/400/400.jpg
Sabão Líquido Max,67,Quasi debitis est porro eligendi excepturi expedita sapiente veniam dignissimos magnam quisquam.,desincrustante,3448180685414,https://picsum.photos/seed/60032/400/400.jpg
Alvejante Gel,17,,desincrustante,9620080292594,https://picsum.photos/seed/59760/400/400.jpg
Multiuso Profissional,marca-x,Necessitatibus iure quaerat officiis voluptatum alias nulla.,,5654575343038,https://picsum.photos/seed/31183/400/400.jpg
Amaciante Tradicional,41,Natus dolores hic modi dolorum expedita.,aromatizante,4866450938548,https://picsum.photos/seed/21312/400/400.jpg
Sabão Líquido Lavanda,16,,,0168593918307,nao_e_uma_url
Alvejante Lavanda,65,,,1443790291941,https://picsum.photos/seed/95492/400/400.jpg
Desinfetante Lavanda,957947,,alvejante,,https://picsum.photos/seed/46845/400/400.jpg
Desengraxante Max,8,Illum accusamus ipsam blanditiis repellat corrupti dolor recusandae optio quos accusantium accusamus perspiciatis.,outro,,https://picsum.photos/seed/88023/400/400.jpg
,marca-x,Perspiciatis omnis sapiente ipsum totam earum eum enim aliquid inventore perspiciatis.,alvejante,2355315701271,nao_e_uma_url
Sabão Líquido Frescor,19,Consequuntur illum ipsum perspiciatis expedita molestiae quibusdam sequi ad amet quos ducimus hic.,desincrustante,2908405407487,nao_e_uma_url
Sabão Líquido Lavanda,57,Laborum ea ad quam vero neque quibusdam facere suscipit sapiente.,desengraxante,5604759178390,https://picsum.photos/seed/18828/400/400.jpg
,61,Voluptatibus a ea voluptatum voluptatum placeat totam tempora adipisci voluptates quibusdam sed.,alvejante,,
Removedor Gel,72,Corrupti natus mollitia ratione commodi dicta ratione deserunt fugiat iste fugiat accusantium dolorem.,desincrustante,,
Desengraxante Concentrado,72,,desincrustante,8813531686856,https://picsum.photos/seed/37708/400/400.jpg
Limpador Spray,63,Expedita facilis nulla nihil non quo soluta perferendis vel iure.,desengraxante,,https://picsum.photos/seed/74131/400/400.jpg
Amaciante Ultra,34,Omnis itaque accusamus quia nesciunt id nemo beatae porro iste dicta.,limpeza_geral,5811401867131,https://picsum.photos/seed/90870/400/400.jpg
Limpa Vidros Cítrico,21,Nesciunt ex alias alias officia saepe ab.,,7110705277249,nao_e_uma_url
Desinfetante Max,81,,outro,9795950602916,https://picsum.photos/seed/91484/400/400.jpg
Limpa Vidros Gel,13,Debitis ducimus facilis suscipit praesentium libero eaque reiciendis.,desincrustante,7626876733175,nao_e_uma_url
Desengraxante Spray,28,,aromatizante,5506744361070,https://picsum.photos/seed/99131/400/400.jpg
Desinfetante Ultra,54,,,8293439491910,https://picsum.photos/seed/78336/400/400.jpg
Alvejante Concentrado,44,,desinfetante,9513844787057,https://picsum.photos/seed/17068/400/400.jpg
Desinfetante Ultra,,Fugiat officia sequi iste labore labore facere impedit ad.,desengraxante,,https://picsum.photos/seed/61484/400/400.jpg
Alvejante Concentrado,33,,alvejante,2969584310470,https://picsum.photos/seed/11899/400/400.jpg
,36,Dolor explicabo ad delectus veritatis beatae quibusdam nesciunt dolorem impedit tempore cum voluptatum.,alvejante,1868769520400,https://picsum.photos/seed/75778/400/400.jpg
Desengraxante Tradicional,68,Maiores provident aliquam ipsam minus ullam quasi quis porro.,limpeza_geral,,https://picsum.photos/seed/92768/400/400.jpg
Amaciante Ultra,90,Eos aut debitis esse illum amet iste quibusdam nesciunt hic laudantium repellat aliquid.,desengraxante,3737902799035,https://picsum.photos/seed/41194/400/400.jpg
Amaciante Frescor,15,,limpeza_geral,4404369579171,https://picsum.photos/seed/96492/400/400.jpg
Sabão Líquido Tradicional,57,,outro,7626876733175,https://picsum.photos/seed/88364/400/400.jpg
Água Sanitária Ultra,14,Exercitationem quidem voluptates iusto veritatis debitis itaque dolor sed nemo.,aromatizante,3848889762704,nao_e_uma_url
Desengraxante Frescor,,Esse alias molestiae debitis quis harum molestiae.,desengraxante,9003128363270,https://picsum.photos/seed/93520/400/400.jpg
Limpador Cítrico,76,Quas aliquam itaque alias dolor deserunt ullam.,desengraxante,6363849426436,https://picsum.photos/seed/16016/400/400.jpg
Multiuso Concentrado,64,Quo assumenda harum recusandae veritatis reiciendis quia error mollitia eligendi eius ad reiciendis.,limpeza_geral,,https://picsum.photos/seed/42855/400/400.jpg
Desinfetante Profissional,80,,desinfetante,4224126143595,https://picsum.photos/seed/70849/400/400.jpg
,5,,desengraxante,7157606313652,https://picsum.photos/seed/72964/400/400.jpg
Multiuso Lavanda,39,Aspernatur assumenda odio architecto eos quas id quidem praesentium accusantium eveniet.,desengraxante,1973286870270,https://picsum.photos/seed/89834/400/400.jpg
Multiuso Profissional,61,Id quam odit saepe quod natus ratione fuga nam cum alias quae occaecati.,alvejante,3918278217624,
Multiuso Frescor,4,Distinctio nesciunt tenetur consectetur commodi cupiditate excepturi animi saepe.,limpeza_geral,6046757921230,https://picsum.photos/seed/46841/400/400.jpg
Desengraxante Spray,8,Quo voluptatem nam ipsum eaque ex culpa perferendis neque tenetur.,aromatizante,3951170863650,https://picsum.photos/seed/4900/400/400.jpg
Sabão Líquido Tradicional,55,Dolorem necessitatibus laborum iusto dolore molestias odit tempora odit ullam earum.,limpeza_geral,7910165102552,https://picsum.photos/seed/64011/400/400.jpg
Amaciante Profissional,87,,desinfetante,1087660658726,https://picsum.photos/seed/9873/400/400.jpg
Alvejante Concentrado,69,Possimus odio in facilis omnis quisquam quisquam aspernatur debitis ipsa est quisquam temporibus.,outro,0891913793123,
Removedor Profissional,44,Unde inventore necessitatibus expedita amet sapiente dolore recusandae in saepe.,outro,9416218547656,https://picsum.photos/seed/41072/400/400.jpg
Água Sanitária Lavanda,52,Corporis ab nam expedita cupiditate natus voluptate sunt perspiciatis blanditiis excepturi dolorum ipsum.,limpeza_geral,3631892084860,https://picsum.photos/seed/86614/400/400.jpg
Amaciante Tradicional,,,alvejante,1120772110284,nao_e_uma_url
Limpa Vidros Lavanda,8,Delectus reprehenderit in dolorum ducimus aliquid commodi.,aromatizante,1888961218202,
Sabão Líquido Tradicional,983090,,desincrustante,6763517706141,https://picsum.photos/seed/3632/400/400.jpg
Água Sanitária Cítrico,40,Voluptas eligendi est corrupti error commodi ipsum quis voluptatum.,premium,3615777285641,
Detergente Lavanda,23,,limpeza_geral,4231607629790,
Desinfetante Cítrico,988037,,desinfetante,4516521881456,https://picsum.photos/seed/87061/400/400.jpg
Desinfetante Spray,68,Placeat ratione quidem libero nihil iure nesciunt maxime.,desincrustante,5672666336387,https://picsum.photos/seed/30925/400/400.jpg
Desinfetante Gel,marca-x,Perspiciatis explicabo vitae officia facere neque hic velit unde.,desengraxante,8569918657901,https://picsum.photos/seed/14807/400/400.jpg
Desengraxante Tradicional,55,,,9607433842385,https://picsum.photos/seed/79406/400/400.jpg
Detergente Spray,85,Odit ad asperiores atque perferendis omnis perspiciatis dolor assumenda.,aromatizante,6897909537492,https://picsum.photos/seed/30984/400/400.jpg
Sabão Líquido Tradicional,950917,Deleniti fuga libero earum est reiciendis.,,0080808626657,nao_e_uma_url
Limpador Cítrico,57,,limpeza_geral,9155119496037,https://picsum.photos/seed/43611/400/400.jpg
Alvejante Profissional,13,Sequi eum ab animi mollitia recusandae quam aliquid quas ad.,aromatizante,7245239444635,https://picsum.photos/seed/6829/400/400.jpg
Limpador Gel,24,Amet inventore esse nisi placeat ducimus ex explicabo unde.,desincrustante,,https://picsum.photos/seed/85090/400/400.jpg
Limpa Vidros Lavanda,77,Magnam deserunt iure voluptatem placeat blanditiis.,desincrustante,2510603619359,https://picsum.photos/seed/11063/400/400.jpg
Sabão Líquido Max,24,Deleniti ea earum dolorum natus minus est optio.,,3199897048763,
Multiuso Concentrado,,Veritatis dolorum quae veniam dolorum officia eius corporis ipsa tempora eaque repudiandae cum.,desincrustante,2006398866967,https://picsum.photos/seed/1851/400/400.jpg
Amaciante Lavanda,56,Facere maxime doloremque nisi ullam distinctio culpa at.,desinfetante,4339372061675,https://picsum.photos/seed/50080/400/400.jpg
Alvejante Spray,27,Eius accusamus sit ipsam error ab ratione dolores autem laudantium.,desinfetante,9022962599720,https://picsum.photos/seed/76403/400/400.jpg
Amaciante Gel,59,,,5222533446499,https://picsum.photos/seed/78276/400/400.jpg
Detergente Frescor,13,,desincrustante,0476105115633,nao_e_uma_url
Água Sanitária Max,6,Numquam numquam ipsam ea harum minus quaerat fugit pariatur fuga.,,7037338776522,nao_e_uma_url
Água Sanitária Lavanda,23,,premium,1789212485995,https://picsum.photos/seed/41061/400/400.jpg
Alvejante Frescor,17,,desincrustante,6240195338852,https://picsum.photos/seed/21625/400/400.jpg
Multiuso Profissional,63,,outro,9984979940035,https://picsum.photos/seed/61637/400/400.jpg
Desinfetante Lavanda,91,Adipisci sit facere qui soluta eos.,aromatizante,9107142986689,https://picsum.photos/seed/19406/400/400.jpg
Alvejante Gel,12,,outro,6601103605389,https://picsum.photos/seed/541/400/400.jpg
Desinfetante Spray,74,,desincrustante,1990082911082,
Amaciante Lavanda,20,Porro amet reprehenderit exercitationem quis aliquam ipsum dolore aut.,,,nao_e_uma_url
Removedor Gel,58,Assumenda nesciunt aliquam aliquam non facere.,aromatizante,0340028082375,https://picsum.photos/seed/78944/400/400.jpg
Desengraxante Cítrico,52,Dignissimos vero ratione unde tempora dolores suscipit illo dolor veritatis quae a debitis.,premium,2827958780765,
Sabão Líquido Tradicional,39,,desincrustante,9707264465187,https://picsum.photos/seed/50868/400/400.jpg
Desinfetante Cítrico,73,,desengraxante,,
Multiuso Lavanda,83,Ad magni perspiciatis molestias accusantium ea harum ad delectus.,limpeza_geral,0332193163362,nao_e_uma_url
,20,Quis a earum placeat iusto similique maxime soluta nam nam architecto quia.,desinfetante,6992211528012,https://picsum.photos/seed/5911/400/400.jpg
Desinfetante Lavanda,66,Voluptates id molestias animi similique possimus itaque unde deleniti qui velit.,desincrustante,2638093997624,https://picsum.photos/seed/97061/400/400.jpg
Sabão Líquido Concentrado,23,Doloremque explicabo illo odit tempora occaecati ad iusto.,concentrado_xl,0108697939136,https://picsum.photos/seed/34744/400/400.jpg
Desinfetante Max,24,Exercitationem dolorum iste soluta deleniti adipisci.,desengraxante,,https://picsum.photos/seed/62538/400/400.jpg
Removedor Lavanda,52,Omnis id quisquam neque consectetur veniam.,alvejante,7344294516148,https://picsum.photos/seed/39670/400/400.jpg
Desinfetante Concentrado,18,Nobis quos dolorum veniam laborum quisquam delectus adipisci aspernatur nostrum.,limpeza_geral,7269558808152,https://picsum.photos/seed/82059/400/400.jpg
Alvejante Lavanda,970593,Nisi laborum mollitia suscipit beatae soluta porro veritatis ipsum laudantium atque est.,limpeza_geral,1344628215163,
