id_substancia,sinonimo
10,Cum Cloreto
5,Hidróxido de sódio industrial
1,Fuga Hipoclorito
993271,etanol
1,
14,
8,Magnam Álcool
14,Dodecilbenzenossulfonato d.s.
13,Ácido cítrico grau alimentício
1,Hipoclorito d.s.
1,Hipoclorito de sódio PA
13,
11,Dolor Hipoclorito
4,ÁCIDO ACÉTICO
2,AMÔNIA
12,Ácido f.
14,Dodecilbenzenossulfonato d.s.
4,Quae Ácido
934223,CLORETO DE BENZALCÔNIO
9,LAURIL SULFATO DE SÓDIO
9,Lauril s.d.s.
2,amônia
11,Dolor Hipoclorito
7,Doloremque Etanol
13,Ácido c.
8,
15,FRAGRÂNCIA
5,HIDRÓXIDO DE SÓDIO
13,Ácido cítrico diluído
13,Ácido c.
6,PERÓXIDO DE HIDROGÊNIO
11,Hipoclorito d.c.
15,Fragrância técnico
4,Ácido a.
12,Ácido fosfórico técnico
4,Ácido acético solução aquosa
4,Ácido acético solução aquosa
10,Cloreto d.b.
2,AMÔNIA
980455,Soluta Hipoclorito
14,DODECILBENZENOSSULFONATO DE SÓDIO
5,HIDRÓXIDO DE SÓDIO
15,fragrância
13,Ácido c.
13,Ácido cítrico PA
7,Aliquam Etanol
951605,Hipoclorito d.s.
12,Ácido f.
2,Sapiente Amônia
1,HIPOCLORITO DE SÓDIO
7,ETANOL
10,Cloreto d.b.
5,Hidróxido de sódio industrial
10,Cloreto d.b.
1,Perferendis Hipoclorito
14,DODECILBENZENOSSULFONATO DE SÓDIO
15,FRAGRÂNCIA
10,CLORETO DE BENZALCÔNIO
12,Ácido fosfórico PA
5,Quas Hidróxido
12,Ácido fosfórico técnico
5,Hidróxido d.s.
9,Lauril s.d.s.
7,ETANOL
11,Hipoclorito de cálcio grau alimentício
11,Hipoclorito de cálcio solução aquosa
6,Ipsam Peróxido
8,ÁLCOOL ISOPROPÍLICO
5,Fugit Hidróxido
3,Ácido clorídrico diluído
5,Hidróxido d.s.
10,Autem Cloreto
2,AMÔNIA
4,Ácido a.
5,Hidróxido d.s.
7,etanol
998028,Ácido c.
8,Sit Álcool
14,DODECILBENZENOSSULFONATO DE SÓDIO
4,Ácido a.
12,
4,Ácido acético técnico
2,Eligendi Amônia
1,Non Hipoclorito
2,AMÔNIA
3,ÁCIDO CLORÍDRICO
15,Neque Fragrância
4,Ácido a.
3,Ácido clorídrico grau alimentício
14,Dodecilbenzenossulfonato d.s.
14,Dodecilbenzenossulfonato d.s.
7,etanol
917709,Nisi Lauril
12,
10,Unde Cloreto
11,Incidunt Hipoclorito
11,Hipoclorito d.c.
911738,Álcool isopropílico solução aquosa
6,Dolor Peróxido
5,HIDRÓXIDO DE SÓDIO
14,Dodecilbenzenossulfonato de sódio industrial
9,LAURIL SULFATO DE SÓDIO
8,Facere Álcool
13,Excepturi Ácido
10,Cloreto de benzalcônio solução aquosa
6,Peróxido de hidrogênio técnico
932754,Nemo Etanol
12,Sint Ácido
14,DODECILBENZENOSSULFONATO DE SÓDIO
11,Hipoclorito de cálcio grau alimentício
15,fragrância
12,Ácido f.
14,DODECILBENZENOSSULFONATO DE SÓDIO
5,HIDRÓXIDO DE SÓDIO
10,Illo Cloreto
10,Quo Cloreto
1,Hipoclorito de sódio PA
1,
2,amônia
12,Distinctio Ácido
4,ÁCIDO ACÉTICO
8,Álcool isopropílico industrial
13,Magni Ácido
8,
1,Hipoclorito d.s.
13,Ácido cítrico PA
7,ETANOL
3,Ácido clorídrico solução aquosa
7,ETANOL
13,Ácido cítrico técnico
8,Álcool isopropílico diluído
4,
13,ÁCIDO CÍTRICO
4,Nihil Ácido
5,Hidróxido d.s.
12,Ácido f.
9,LAURIL SULFATO DE SÓDIO
13,
10,Cloreto de benzalcônio PA
13,Odio Ácido
8,Álcool i.
12,Consectetur Ácido
4,Ácido acético solução aquosa
951390,Hidróxido d.s.
15,fragrância
15,fragrância
1,HIPOCLORITO DE SÓDIO
6,Rem Peróxido
3,Ácido c.
10,Cloreto de benzalcônio grau alimentício
14,DODECILBENZENOSSULFONATO DE SÓDIO
11,HIPOCLORITO DE CÁLCIO
9,Saepe Lauril
7,Etanol grau alimentício
3,Temporibus Ácido
6,Peróxido de hidrogênio solução aquosa
7,Porro Etanol
6,Peróxido de hidrogênio concentrado
2,Doloremque Amônia
10,A Cloreto
2,Omnis Amônia
7,ETANOL
11,Ipsa Hipoclorito
11,HIPOCLORITO DE CÁLCIO
14,Dodecilbenzenossulfonato de sódio grau alimentício
999231,HIPOCLORITO DE CÁLCIO
3,Ad Ácido
7,Asperiores Etanol
11,Hipoclorito d.c.
13,Ácido c.
994082,Numquam Fragrância
6,
10,
9,Rem Lauril
15,FRAGRÂNCIA
15,FRAGRÂNCIA
9,Lauril s.d.s.
5,HIDRÓXIDO DE SÓDIO
12,Ducimus Ácido
12,Nihil Ácido
7,Etanol diluído
3,Ácido clorídrico grau alimentício
15,fragrância
14,DODECILBENZENOSSULFONATO DE SÓDIO
11,
1,HIPOCLORITO DE SÓDIO
3,Quisquam Ácido
3,ÁCIDO CLORÍDRICO
13,Deleniti Ácido
5,HIDRÓXIDO DE SÓDIO
7,Etanol técnico
9,Provident Lauril
4,Ácido acético técnico
10,Corrupti Cloreto
12,Nihil Ácido
7,etanol
1,Dolorum Hipoclorito
2,Iste Amônia
2,
12,Ácido f.
2,AMÔNIA
11,HIPOCLORITO DE CÁLCIO
9,Lauril s.d.s.
15,fragrância
1,Ut Hipoclorito
15,Numquam Fragrância
6,Deleniti Peróxido
13,Ácido c.
1,Hipoclorito d.s.
10,Cloreto d.b.
907834,ÁCIDO CÍTRICO
3,ÁCIDO CLORÍDRICO
4,Ácido a.
13,
6,Quos Peróxido
1,Eos Hipoclorito
3,Ácido c.
973272,Nam Álcool
12,Quibusdam Ácido
3,Ácido c.
8,Álcool i.
10,Cloreto d.b.
3,Porro Ácido
5,Hidróxido d.s.
13,Sint Ácido
15,FRAGRÂNCIA
6,Peróxido de hidrogênio industrial
11,Ipsam Hipoclorito
11,Esse Hipoclorito
3,Ácido c.
4,Vitae Ácido
9,LAURIL SULFATO DE SÓDIO
3,Ácido clorídrico solução aquosa
2,Nisi Amônia
1,Dolorum Hipoclorito
9,Lauril s.d.s.
7,
11,Hipoclorito d.c.
5,HIDRÓXIDO DE SÓDIO
10,Laboriosam Cloreto
11,Hipoclorito de cálcio diluído
13,Ácido cítrico grau alimentício
12,Ácido fosfórico industrial
11,HIPOCLORITO DE CÁLCIO
2,Iste Amônia
2,Incidunt Amônia
12,Ácido f.
1,HIPOCLORITO DE SÓDIO
1,Hipoclorito de sódio grau alimentício
12,ÁCIDO FOSFÓRICO
10,Cloreto de benzalcônio técnico
15,Fragrância PA
5,Hidróxido d.s.
15,FRAGRÂNCIA
15,fragrância
12,Ácido f.
13,ÁCIDO CÍTRICO
1,Consectetur Hipoclorito
1,Hipoclorito d.s.
5,
2,Doloribus Amônia
4,
3,Aliquam Ácido
9,Dignissimos Lauril
11,HIPOCLORITO DE CÁLCIO
12,Reprehenderit Ácido
9,LAURIL SULFATO DE SÓDIO
3,Porro Ácido
2,amônia
4,ÁCIDO ACÉTICO
4,Temporibus Ácido
9,Lauril sulfato de sódio grau alimentício
3,Impedit Ácido
13,Ácido c.
12,Incidunt Ácido
952632,Ácido clorídrico grau alimentício
11,Hipoclorito de cálcio grau alimentício
8,
972100,fragrância
