nome,email,data_nasc,nivel_acesso,ultima_sessao
Sr. Mateus Mendes,nogueiradavi-miguel@example.com,1979-05-13,usuario,2026-08-04 15:07:20
Luiz Fernando Sales,dcavalcante@example.net,1965-05-30,usuario,2026-07-28 16:09:30
Alícia Teixeira,da-pazcarolina@example.com,1972-08-08,empresa,
Maria Sophia Oliveira,mouraemanuella@example.net,1953-10-02,usuario,
Marcela Dias,freitasmarcela@example.org,1966-01-26,empresa,
Amanda Moraes,wcirino@example.com,1944-03-12,admin,2026-09-08 13:47:02
Rafaela Jesus,mendesagatha@example.com,2006-04-18,usuario,2026-07-17 05:47:41
Otto Fonseca,lívia@@dominio.com,1974-05-15,usuario,2026-07-28 16:35:40
Sr. Raul Duarte,fernandescarolina@example.net,1985-01-15,usuario,2026-09-05 00:01:59
Carolina da Luz,tsampaio@example.net,1981-05-15,usuario,
Ana Sophia Rezende,wnunes@example.org,1993-08-26,usuario,2026-08-04 04:42:58
Luiza Rocha,   ,1977-12-25,empresa,
Kevin Nunes,nathan45@example.com,1944-01-05,superusuario,2026-08-03 01:23:29
Clarice Ribeiro,,1989-04-19,usuario,2026-07-09 15:15:40
Sra. Aurora Santos,bda-rocha@example.net,2008-11-11,usuario,2026-07-05 13:03:56
Igor Costela,alice16@example.org,1991-08-08,usuario,2026-08-08 09:07:33
   ,hmelo@example.com,1961-02-21,usuario,2026-08-11 07:06:06
Sophie Rodrigues,davi lucassem-arroba.com,2006-09-14,usuario,2026-08-26 10:33:51
Sr. Vitor Gabriel Macedo,amanda79@example.net,1965-01-04,admin,2026-07-26 15:56:48
Heloisa Pinto,maria-lauravasconcelos@example.org,1936-04-26,empresa,2026-09-10 08:48:17
Luiz Fernando da Rocha,ana-beatriznovaes@example.org,1990-07-13,usuario,2026-07-16 23:10:36
Pedro Lucas Ramos,juan19@example.org,1943-06-24,admin,2026-09-02 00:58:37
Sr. Cauê Borges,borgesbryan@example.org,1943-09-21,usuario,2026-08-15 15:42:33
Maria Julia Borges,bellasampaio@example.com,1943-05-20,usuario,2026-07-22 22:02:39
Maria Alice Cavalcante,   ,1991-10-25,usuario,
Davi Lucas Nascimento,claramendonca@example.com,1940-06-07,,2026-08-27 09:38:33
Rael Cardoso,nascimentovitor@example.com,2003-06-18,admin,2026-08-11 00:08:23
Sarah Vasconcelos,xsiqueira@example.com,1956-03-19,usuario,2026-07-31 05:53:11
Benjamin Barros,maria-cecilianogueira@example.com,1971-09-20,admin,2026-07-21 01:54:41
   ,gael-henrique37@example.net,1998-01-07,usuario,2026-07-30 03:37:26
Catarina Costela,gael-henrique37@example.net,1946-10-30,usuario,
Emanuella Andrade,luisada-cunha@example.net,2007-04-05,usuario,2026-06-16 00:16:50
Dr. Arthur Miguel da Cruz,amachado@example.net,1972-12-11,admin,2026-07-12 12:13:22
Luiz Henrique Barros,manuelaleao@example.net,1961-04-15,usuario,2026-07-10 08:13:45
Dr. Davi Lucca Viana,nfreitas@example.com,1961-03-19,usuario,2026-08-26 05:31:58
,isisborges@example.net,1987-03-22,admin,2026-08-05 08:07:59
Alícia Teixeira,pimentagustavo-henrique@example.com,1937-11-18,empresa,2026-09-02 03:59:11
Rebeca da Paz,liviagoncalves@example.com,1971-05-11,usuario,
Bernardo Pires,nduarte@example.com,1960-08-22,usuario,
Isis Carvalho,vargasmaria-luisa@example.org,1984-12-03,admin,2026-07-28 23:00:18
Maria Clara Campos,lrezende@example.org,2000-12-27,usuario,2026-07-17 10:27:05
Antonella Rezende,luiz-felipe70@example.org,1977-07-14,admin,2026-08-29 14:45:29
Théo Sousa,lorenzocastro@example.com,1970-10-04,empresa,2026-09-04 13:25:01
Dra. Ana Carolina Monteiro,rmonteiro@example.net,1977-08-07,usuario,2026-08-10 22:14:10
Luísa Vargas,danilo84@example.com,1942-05-07,empresa,2026-07-13 13:41:16
Caleb Sá,lorenzo82@example.org,1983-07-29,usuario,
Sr. Danilo da Costa,anthony03@example.com,1982-09-12,,2026-09-01 22:18:16
Rafaela Caldeira,dda-conceicao@example.com,1966-05-27,empresa,2026-08-24 00:13:19
Davi Miguel Andrade,carolina56@example.net,1985-09-17,usuario,2026-07-14 20:43:51
Bárbara Cavalcanti,da-pazcarolina@example.com,1976-07-11,usuario,
Lorena Cunha,alexandrefernandes@example.com,2002-03-12,empresa,2026-08-09 10:23:16
Maria Alice da Mata,caiorocha@example.org,1987-04-06,empresa,2026-08-26 01:45:45
Luiz Henrique Fernandes,duartedaniela@example.com,1968-03-14,empresa,2026-06-28 05:27:54
Sr. Gabriel Martins,camargoanna-liz@example.net,1965-09-13,admin,2026-08-19 06:52:48
Nina Caldeira,davi lucassem-arroba.com,2001-05-21,usuario,2026-07-22 00:15:35
Dra. Olívia Alves,miguelpereira@example.org,2001-06-27,usuario,2026-08-08 15:40:42
Fernando Vasconcelos,eduardo28@example.net,1976-05-30,usuario,2026-09-08 00:39:56
Maria Helena Fonseca,gmoura@example.com,2010-01-06,usuario,
Sr. Yan Barros,santosleandro@example.net,1950-08-08,usuario,2026-07-20 20:56:48
Dr. Luiz Felipe Souza,ogomes@example.com,2006-02-07,,
Sr. Matheus Sousa,dsousa@example.com,2008-04-09,admin,2026-06-21 13:09:04
Josué Fernandes,ana-sophiamelo@example.com,1957-05-05,admin,2026-08-04 23:47:08
Ana Beatriz Macedo,enricomoura@example.org,1980-03-16,usuario,2026-08-19 01:22:47
Luísa Albuquerque,bruna91@example.com,2005-06-16,usuario,2026-08-17 09:52:19
Sr. Theo Aragão,gael-henriquecamargo@example.net,1946-03-19,usuario,2026-07-18 16:33:18
Eduardo Costela,eloa14@example.com,2003-04-28,admin,
Davi Miguel Lopes,sousacatarina@example.com,1965-09-18,admin,
Anna Liz da Cruz,ravypimenta@example.net,1939-06-14,usuario,2026-06-13 02:59:58
Gustavo Henrique Mendes,pnovais@example.com,1972-06-17,usuario,2026-07-07 20:40:36
Laís Castro,caioleao@example.com,1971-02-08,usuario,2026-08-09 06:51:16
Igor Rios,mathias10@example.net,1947-05-18,usuario,2026-08-25 16:55:52
,levifogaca@example.org,1969-09-01,usuario,2026-06-28 15:25:48
Luna Novaes,bmacedo@example.com,2009-09-05,usuario,2026-06-29 15:54:45
Júlia Vieira,palves@example.net,1983-07-27,root,2026-08-06 17:23:11
Maria Flor Casa Grande,ryanfogaca@example.net,1939-04-18,usuario,2026-06-18 15:22:06
Fernanda Oliveira,ravi-luccalopes@example.com,1992-06-01,root,2026-09-05 06:23:56
Amanda Rios,ana-beatriznovaes@example.org,2007-11-09,usuario,2026-08-07 16:23:40
Marina Cunha,zvargas@example.net,1958-03-14,admin,2026-08-04 15:44:41
Julia Rodrigues,cardosolorenzo@example.com,1940-08-29,admin,2026-06-28 20:34:19
Emanuella Aragão,liz40@example.net,1973-07-11,usuario,2026-06-19 22:06:02
Ana Luiza Ferreira,gmacedo@example.com,1986-06-14,empresa,
Dra. Hellena Câmara,zmonteiro@example.com,1962-09-18,usuario,2026-07-01 15:32:53
Milena Marques,ana-juliasales@example.com,1966-03-24,empresa,2026-09-04 10:49:44
Sra. Antonella Carvalho,davifernandes@example.org,31/02/2000,usuario,
Lavínia Costa,agathapeixoto@example.net,1980-09-17,usuario,2026-08-21 16:34:36
Kaique Camargo,rhavi52@example.com,0000-00-00,empresa,2026-08-15 12:24:58
Esther Melo,matteoviana@example.com,1989-03-10,usuario,2026-06-22 06:18:18
Cauê Araújo,mariane75@example.org,1994-07-12,usuario,2026-08-05 09:32:11
Ana Liz Rodrigues,wrezende@example.com,2005-09-14,admin,2026-09-04 22:03:39
Maria Luiza Mendes,leaopietro@example.org,1942-03-29,usuario,2026-08-03 09:32:11
Ana Vitória Brito,tfernandes@example.net,2000-10-29,usuario,2026-07-25 20:59:33
Ana Laura Pastor,maria-luiza19@example.net,1951-12-16,superusuario,2026-09-01 08:12:34
Daniela Peixoto,levifogaca@example.org,1949-10-11,usuario,2026-06-28 14:40:34
Maitê Brito,mendoncahenry-gabriel@example.org,1961-10-23,usuario,2026-08-15 10:48:39
,evelyn45@example.net,1997-02-07,usuario,2026-07-05 19:39:25
Srta. Clarice Peixoto,vitor-hugolopes@example.net,1953-02-18,empresa,2026-07-02 05:20:30
Bárbara Cavalcanti,vitor-gabrielsousa@example.com,1986-11-11,admin,2026-06-28 04:36:48
Eduarda Duarte,melissa16@example.com,1941-03-22,empresa,2026-08-03 13:01:24
Maria Flor Vasconcelos,qfonseca@example.org,1972-06-02,usuario,2026-08-09 20:59:12
,guerraana-laura@example.net,1972-05-28,usuario,2026-06-19 07:08:12
Emanuelly Costa,vicentesouza@example.com,1980-07-28,usuario,2026-08-25 07:21:13
Sr. Vitor Hugo da Cruz,kabreu@example.org,1937-07-14,usuario,2026-06-22 01:26:49
Sra. Manuela da Cunha,yguerra@example.net,1945-07-23,usuario,
Sra. Gabriela Teixeira,martinssarah@example.com,2006-11-02,usuario,
Agatha Sá,kramos@example.org,1980-11-08,usuario,2026-08-07 10:20:45
Gustavo Novaes,mouraemanuelly@example.net,1973-08-12,admin,2026-09-03 05:50:02
Ana Júlia Duarte,carolinada-paz@example.com,1995-02-23,empresa,
Allana Caldeira,isabellacosta@example.org,1966-04-10,admin,2026-06-25 23:42:47
Maria Clara das Neves,cfonseca@example.com,1966-01-29,usuario,2026-06-19 07:08:54
Raquel Pimenta,lorena15@example.org,1951-10-18,usuario,
Ágatha Duarte,usilva@example.net,1961-08-13,usuario,2026-09-05 06:32:21
Marcos Vinicius Costela,fcamargo@example.com,1983-07-10,usuario,2026-08-24 08:51:37
Calebe da Paz,isaquemontenegro@example.net,2002-08-30,empresa,2026-07-10 01:26:30
Stella da Conceição,da-cunharaquel@example.org,1952-10-08,empresa,2026-09-06 02:30:28
Eloá da Costa,rmacedo@example.org,1944-12-12,root,2026-07-27 00:29:24
Dra. Aurora Alves,pnovais@example.com,1990-08-09,usuario,2026-08-23 17:58:19
Oliver Sousa,eloa02@example.com,1994-12-19,admin,2026-06-25 13:09:35
José Pedro Caldeira,saravi@example.org,1987-12-05,usuario,2026-07-18 13:51:53
,hbrito@example.org,1966-03-04,usuario,2026-08-29 22:56:35
Bianca Monteiro,novaismaria-julia@example.com,1975-03-28,usuario,2026-06-28 13:41:07
Sara Fogaça,enzo gabrielsem-arroba.com,1938-07-04,usuario,2026-07-26 02:06:18
Dr. Gael Henrique Viana,arthur-gabriel65@example.net,1942-08-26,usuario,2026-06-25 07:29:07
,pereirabreno@example.org,1955-12-26,usuario,2026-08-29 07:06:18
Sr. Levi Vargas,costelaayla@example.net,1948-04-15,usuario,2026-08-10 17:17:08
Fernando Câmara,brayancunha@example.net,amanha,usuario,2026-07-26 14:59:46
Maria Cecília Ferreira,arthur68@example.org,1941-11-17,empresa,2026-08-30 17:35:57
Jade Vasconcelos,kamillysouza@example.net,1986-04-13,usuario,2026-08-22 06:47:17
Guilherme Machado,pietra76@example.net,amanha,usuario,
Augusto Costa,noahnogueira@example.com,1988-06-16,admin,2026-06-19 18:33:01
Olivia Cavalcante,emanuellacasa-grande@example.net,1997-10-11,empresa,
,camarabarbara@example.net,1952-03-12,usuario,
Kaique Aparecida,qsouza@example.org,2009-04-17,empresa,2026-06-21 00:59:43
Hadassa Santos,gustavo-henrique84@example.net,2008-01-09,admin,2026-07-27 21:34:11
Gael da Luz,ferreiraotavio@example.com,1944-07-08,usuario,2026-08-09 04:47:05
Giovanna Cavalcanti,paulocamara@example.org,1993-11-10,admin,2026-06-18 17:03:05
Luiz Otávio da Luz,alana74@example.net,1955-03-31,admin,2026-08-07 05:16:26
Ian Rezende,macedosofia@example.com,1971-05-01,usuario,2026-07-16 06:44:21
Caroline Jesus,elisapeixoto@example.net,1942-07-24,usuario,2026-07-18 03:14:15
Sr. Arthur Miguel Azevedo,barbosaenzo@example.com,1953-10-29,usuario,2026-06-27 20:54:26
Dra. Ester Campos,renanmoura@example.net,1953-03-13,usuario,2026-07-13 08:30:26
Luiz Otávio Farias,lpires@example.net,2003-08-09,,2026-07-25 13:25:15
Ravi Lucca da Rocha,bento@dominio,1978-09-18,usuario,2026-08-23 11:05:52
Pedro Lucas Pimenta,pintomilena@example.net,1946-12-14,empresa,2026-07-17 21:03:59
Lara da Cunha,fonsecaapollo@example.org,1952-07-04,usuario,2026-07-26 17:33:33
Noah Peixoto,brenoda-paz@example.org,1981-03-03,admin,2026-08-03 09:03:28
Ana Júlia Azevedo,liam22@example.net,1967-09-26,empresa,2026-06-19 01:26:13
João Guilherme Leão,oferreira@example.net,1943-04-08,usuario,2026-06-25 21:19:14
Sophie Cunha,rodrigocavalcanti@example.org,1957-01-16,admin,2026-09-04 20:50:10
Luara Fogaça,ericksem-arroba.com,1954-02-24,usuario,
Dra. Maria Luiza Farias,eduardo28@example.net,1984-01-30,usuario,2026-07-07 07:47:29
Lucas Gabriel Cunha,fogacagabrielly@example.net,1950-10-03,usuario,2026-07-05 08:29:35
Otto Araújo,osilveira@example.com,1944-04-28,usuario,2026-06-16 15:00:24
Dr. Cauê Guerra,das-nevesluiz-miguel@example.org,1972-01-09,usuario,2026-06-23 06:57:21
,macedonicolas@example.org,1984-04-09,usuario,2026-07-15 14:06:36
Carolina Cirino,,1945-12-13,usuario,
Maysa Vargas,bjesus@example.org,1987-07-05,usuario,2026-08-28 08:42:05
Ana Lívia da Paz,,1950-08-31,empresa,2026-07-09 08:03:01
Giovanna Porto,vpacheco@example.com,,empresa,2026-06-25 09:37:46
   ,da-cunhaanna-liz@example.com,2010-06-26,empresa,2026-07-25 04:50:46
Manuela Gomes,siqueiraantonio@example.org,1993-07-19,usuario,2026-06-16 20:02:02
Hadassa Vargas,drezende@example.com,2004-09-09,admin,2026-06-29 02:19:21
Letícia Souza,paulo54@example.net,1974-08-28,usuario,2026-07-11 02:22:25
Maya Cunha,rodrigoda-cunha@example.org,1961-03-12,usuario,2026-08-24 11:53:24
Rael Freitas,ryansousa@example.com,1968-03-10,usuario,2026-09-04 12:09:21
Maria Luiza Mendonça,agathaalmeida@example.org,1998-06-07,usuario,2026-09-04 15:13:06
Stella Mendonça,mouramilena@example.net,1978-01-04,usuario,2026-07-25 20:26:20
Catarina Borges,elisacunha@example.net,2007-06-28,usuario,2026-08-18 05:53:20
Dr. Thales Cunha,marquesisabela@example.com,1976-12-10,usuario,2026-07-18 13:20:16
Lívia Carvalho,caldeiramariah@example.org,2004-12-11,empresa,2026-07-31 11:23:19
Giovanna Dias,da-costamirella@example.com,1985-04-27,empresa,2026-06-28 09:22:01
Bruna Fogaça,clara27@example.org,1957-01-10,usuario,2026-08-26 23:43:32
Davi Miguel das Neves,leticiaaraujo@example.org,1964-04-15,usuario,2026-06-27 20:03:43
Natália Lopes,ubrito@example.com,1939-04-03,empresa,2026-08-19 19:47:23
Augusto Lima,da-conceicaocarlos-eduardo@example.org,1939-07-01,usuario,2026-07-29 03:08:59
Luiza Viana,emanuelsiqueira@example.net,1945-04-14,usuario,2026-08-10 07:55:14
Sr. João Miguel Borges,zcastro@example.org,1944-03-16,admin,2026-07-05 21:09:47
Clara Guerra,costaesther@example.net,2002-08-09,usuario,2026-06-13 04:08:48
Rafaela Fonseca,camposbryan@example.org,1969-05-04,usuario,2026-07-07 03:36:50
Rafael Sá,nunesdiego@example.org,1957-09-29,usuario,2026-08-31 20:41:14
Ravi Lucca Porto,lcaldeira@example.org,1968-12-28,usuario,2026-08-22 04:21:09
Jade Nunes,helena11@example.org,1958-01-13,usuario,2026-08-03 19:06:31
João Lucas Aparecida,almeidanoah@example.org,1989-06-19,usuario,2026-07-14 22:09:51
Rhavi Lima,maria-clara37@example.org,,usuario,2026-08-28 10:48:42
Sr. José da Rosa,martinsmarcelo@example.net,1989-10-16,admin,2026-07-19 03:52:20
Dr. Luiz Fernando Martins,juan19@example.org,1991-10-25,usuario,2026-06-15 12:53:13
Manuela Montenegro,alvesisadora@example.net,1947-11-13,admin,
Maria Flor Camargo,dpastor@example.org,2005-01-09,usuario,2026-06-15 13:00:48
Manuella da Mata,mateussantos@example.com,1950-03-24,usuario,2026-06-15 18:08:43
Gael Henrique Camargo,gcampos@example.com,1991-08-29,usuario,2026-08-28 19:33:46
Isabela Freitas,borgesravy@example.org,1983-03-08,admin,2026-08-23 16:01:28
Evelyn Araújo,costarenan@example.net,1986-07-01,empresa,2026-07-04 03:20:29
Dr. Bernardo Cavalcanti,fogacabeatriz@example.net,1944-01-18,usuario,2026-09-10 12:21:48
Luiz Otávio Fernandes,hazevedo@example.com,1976-05-06,usuario,
Maya da Cruz,vmonteiro@example.org,1974-03-08,usuario,2026-09-09 04:18:15
Emanuella Santos,luizaalbuquerque@example.net,1955-04-06,ADMIN ,2026-06-29 16:32:52
Brenda Leão,pedro-migueljesus@example.com,1962-01-11,usuario,2026-08-03 15:46:18
Carolina Leão,yurisem-arroba.com,1975-02-21,usuario,2026-06-29 23:16:08
Natália Gomes,xvieira@example.net,1952-11-01,admin,2026-08-26 19:28:02
Olivia Barros,milenamarques@example.com,1995-02-23,empresa,2026-08-31 09:46:14
Sra. Melissa Carvalho,kporto@example.com,1965-07-19,usuario,2026-06-21 11:19:24
Dr. Yuri da Rocha,heloisa67@example.net,1998-10-17,admin,2026-07-25 05:36:21
Maria Clara Castro,   ,1954-10-06,usuario,2026-07-12 23:53:47
Anthony Gabriel Vargas,isabellypacheco@example.org,1994-05-30,usuario,2026-06-19 01:49:10
Mariana Freitas,bruno01@example.org,2004-07-30,admin,2026-06-14 12:55:46
Maya Melo,cborges@example.org,1973-12-16,empresa,2026-08-20 01:04:46
Marina da Conceição,muriloda-cruz@example.com,1983-05-11,usuario,2026-07-21 10:00:58
Olivia Vieira,,1954-08-07,usuario,2026-07-09 01:00:34
Enzo Gabriel Oliveira,lunnamoreira@example.net,2006-12-04,usuario,2026-08-14 03:34:35
Sr. Davi Luiz Rios,da-motaolivia@example.net,1987-04-12,usuario,2026-07-19 05:36:49
Lucas Gabriel Moreira,clarice48@example.com,1948-04-15,usuario,
Luigi Castro,matteosem-arroba.com,1984-03-01,usuario,2026-07-30 00:31:50
Ísis Araújo,rnunes@example.net,2000-10-21,usuario,2026-08-30 22:02:43
Valentim Borges,matteosilva@example.net,1943-07-01,usuario,2026-07-25 16:55:04
Ana Liz Novais,pachecozoe@example.org,1969-04-03,usuario,
Vinícius Brito,heloisa72@example.org,1943-10-18,usuario,2026-09-09 02:29:02
Heloísa Araújo,tda-rocha@example.com,1981-09-15,usuario,2026-08-20 03:07:48
Stephany Costela,rodriguesbenicio@example.com,1938-07-08,usuario,
Alice da Costa,raquel51@example.com,1951-03-10,admin,2026-09-07 15:23:35
Nathan da Rocha,vieiraoliver@example.org,2008-01-28,usuario,2026-08-18 08:41:10
Enzo da Cruz,nsousa@example.net,1947-07-29,usuario,2026-06-22 23:30:03
Isabel Gonçalves,cecilia05@example.com,1998-05-07,usuario,2026-09-09 01:42:22
Samuel Duarte,acirino@example.org,1987-02-14,usuario,2026-09-05 10:34:48
Marcos Vinicius da Costa,juanrezende@example.net,1965-10-18,usuario,
Srta. Melina Lopes,manuela58@example.org,1966-12-04,admin,2026-08-02 18:05:55
Zoe Rios,lunnada-paz@example.org,1945-02-12,usuario,2026-07-08 22:40:51
Maria Clara Nascimento,vargasaurora@example.org,1938-08-20,empresa,2026-08-28 05:53:20
Sr. Dante Lima,amanda79@example.net,1990-07-24,usuario,2026-09-07 07:12:22
Dra. Sophia Barros,mouraisaac@example.com,1951-08-02,usuario,2026-06-27 13:04:57
Pedro Miguel Pereira,souzalunna@example.org,1936-08-27,usuario,2026-06-22 02:03:31
Maria Clara Novaes,ayllaguerra@example.org,1987-06-16,admin,2026-07-24 07:04:20
Joana Vieira,vitor42@example.org,1994-05-19,usuario,
Luan Cunha,migueloliveira@example.org,1969-03-24,usuario,2026-06-13 17:37:38
Lucca Abreu,sofia01@example.org,1970-03-13,usuario,2026-08-18 04:04:37
Pietro Souza,naragao@example.org,1964-02-01,usuario,
Sr. Davi Lucas Garcia,yandas-neves@example.org,1959-11-07,usuario,
Isadora Casa Grande,vribeiro@example.org,1938-09-02,usuario,2026-08-10 01:03:29
Rafaela da Paz,cecilia@dominio,1988-04-12,usuario,2026-07-26 17:34:35
Marina Novaes,vitor-hugo79@example.com,1995-06-04,usuario,2026-07-19 12:24:23
Sra. Maria Flor Oliveira,camilasales@example.net,1960-01-16,usuario,2026-08-14 12:50:01
Eduarda Rodrigues,laragarcia@example.org,1942-04-07,usuario,2026-07-14 09:25:13
Yuri Fonseca,dporto@example.com,1970-04-11,usuario,2026-08-28 05:37:37
Enzo Gabriel Sampaio,ravicostela@example.com,1957-01-12,empresa,2026-08-22 04:08:49
Eloah Borges,orezende@example.net,1964-09-18,usuario,2026-08-21 07:20:10
Evelyn Almeida,tmontenegro@example.com,2006-01-06,usuario,2026-08-22 19:03:56
Larissa Aparecida,uvargas@example.net,1985-02-13,usuario,2026-06-14 15:32:06
Ágatha Rodrigues,diegomachado@example.org,1945-03-23,admin,2026-07-23 04:03:03
Srta. Maria Liz Pereira,claricemachado@example.net,1972-07-27,usuario,2026-07-14 19:42:20
Murilo Cirino,lizmoreira@example.net,1992-10-16,usuario,
Dr. Diego da Paz,enzo-gabriel27@example.net,1940-11-02,usuario,2026-07-22 06:03:31
Marcela Peixoto,kmartins@example.com,1997-12-07,admin,2026-09-01 13:59:19
Fernando Siqueira,kgoncalves@example.com,1978-09-25,usuario,2026-09-02 18:34:21
Isabela Andrade,cmelo@example.com,1959-08-25,usuario,2026-07-24 09:45:33
Rafaela Aragão,cecilia99@example.org,1966-02-10,usuario,2026-07-30 17:23:56
Srta. Hellena Farias,felipe42@example.net,2003-02-12,empresa,2026-06-24 14:16:26
Bruna Silva,ravycaldeira@example.com,1966-11-23,usuario,2026-08-22 17:06:24
Dra. Manuella Viana,caldeiraarthur-miguel@example.net,1952-10-19,usuario,2026-07-05 07:58:49
Yasmin Moreira,paulo61@example.net,1949-10-10,usuario,2026-07-06 00:49:36
   ,sara24@example.com,1979-01-11,empresa,2026-09-04 05:45:13
Luan Fonseca,galves@example.org,1953-06-18,admin,2026-07-31 02:26:24
Sra. Ana Liz Garcia,rodrigomelo@example.org,1938-09-08,usuario,2026-06-26 13:40:30
Marcelo da Mota,xduarte@example.org,1946-07-17,usuario,2026-08-30 15:24:06
Emanuel Ferreira,stephany56@example.org,1963-02-17,usuario,2026-06-21 14:55:06
Henry Gabriel Barbosa,thomas87@example.net,1957-05-12,usuario,2026-07-11 03:29:10
Luísa Duarte,lfogaca@example.net,1969-10-14,admin,2026-06-25 23:42:44
Ana Clara Pinto,miguel21@example.com,,usuario,2026-07-18 04:58:49
Carolina da Rosa,wmendonca@example.com,1976-07-25,usuario,2026-08-19 03:05:19
Isabella Fonseca,rochavitoria@example.com,1976-03-25,admin,2026-07-15 09:00:19
Benício Fernandes,camila32@example.org,1950-06-26,usuario,2026-07-20 04:35:11
Antonella Azevedo,garcialavinia@example.net,1946-10-09,usuario,
Ana Júlia Rezende,ppinto@example.org,1937-02-26,usuario,2026-06-18 16:10:27
Paulo Porto,guilhermebarros@example.com,1943-02-09,empresa,2026-06-25 04:42:05
Luara Leão,knovaes@example.com,1958-10-08,empresa,2026-08-15 11:50:22
Srta. Catarina Moraes,ana-cecilia39@example.org,1952-07-20,empresa,2026-09-08 14:28:24
Sr. Enzo Gabriel da Costa,yagoda-rosa@example.com,1951-10-05,admin,2026-07-09 09:16:14
Davi Luiz Camargo,maria-eduarda80@example.com,1954-12-10,usuario,2026-07-20 05:11:12
Nicolas Carvalho,qcunha@example.com,1999-06-25,ADMIN ,2026-07-25 21:49:47
Rafaela Moura,maria-isis60@example.net,1995-01-02,usuario,2026-07-30 10:52:57
Clarice Lopes,sampaioagatha@example.net,1976-01-27,usuario,2026-06-26 10:06:15
Giovanna Mendes,pleao@example.org,1972-11-04,usuario,2026-09-04 22:42:43
Davi Miguel Macedo,apolloda-rocha@example.net,2009-09-26,usuario,2026-07-10 01:26:37
Enzo Pacheco,levi52@example.net,1972-01-05,usuario,2026-06-25 14:43:08
Leonardo Dias,daniel65@example.org,2002-12-04,empresa,2026-08-13 11:44:15
Ana Carolina Câmara,breno55@example.org,1959-11-30,usuario,2026-07-06 05:14:49
Diogo Gonçalves,fogacaana-laura@example.com,1967-06-16,empresa,
Srta. Lívia Teixeira,ian86@example.com,2006-05-03,empresa,2026-09-09 02:05:36
,meloantony@example.net,1995-04-01,usuario,2026-08-15 13:51:32
Srta. Stella Rodrigues,sabrina@dominio,1959-06-13,empresa,2026-09-08 06:21:15
Srta. Eloá Monteiro,smendes@example.com,1987-08-12,admin,2026-09-01 14:19:30
Pedro Mendes,zoe34@example.com,2008-09-01,admin,2026-09-06 04:54:33
João Miguel Pereira,casa-grandeallana@example.org,2001-08-14,empresa,2026-08-27 16:05:34
Maria Vitória Ribeiro,joao-pedro65@example.com,1942-01-29,empresa,2026-08-31 14:17:12
Bella Almeida,paulobrito@example.com,1942-08-03,root,2026-06-14 19:23:51
Marcela da Mata,alexandre70@example.com,1976-12-13,usuario,2026-08-22 10:34:38
Luan Mendes,nmoraes@example.org,1987-02-04,usuario,2026-07-28 06:52:41
Lucca Martins,nina78@example.com,1950-07-02,usuario,2026-08-27 09:56:48
Isabelly Costela,joaquimalves@example.com,1936-07-26,admin,2026-07-01 15:33:51
Gustavo Sampaio,ynovaes@example.net,1945-04-22,usuario,
Kamilly Abreu,luiz-otavio85@example.org,amanha,usuario,2026-07-01 02:55:29
Felipe Pimenta,maria-juliapeixoto@example.com,1957-04-02,empresa,2026-07-10 13:09:43
Cauê Cavalcanti,juliacosta@example.com,1963-03-02,usuario,2026-06-15 13:51:45
Rebeca Barbosa,esthercorreia@example.org,1966-07-06,usuario,
Maria Sophia Pimenta,vargasmaria-laura@example.net,1937-04-25,usuario,2026-06-15 14:06:35
Maria Clara Gomes,amarques@example.org,1963-10-02,admin,
Lívia Aparecida,henriqueribeiro@example.net,2010-01-29,admin,2026-07-12 12:47:31
Elisa Gomes,mirella43@example.org,1950-01-22,usuario,2026-06-12 19:36:03
   ,vbarros@example.net,2006-07-15,empresa,
Sr. Pietro Rios,faraujo@example.net,1940-11-25,admin,2026-06-29 08:03:36
Gael Henrique Souza,da-pazcaio@example.com,1965-06-30,usuario,2026-09-08 07:11:43
Vicente Sales,leticiapacheco@example.org,2000-09-10,usuario,2026-07-04 14:58:58
Dr. José Miguel Caldeira,mateus99@example.net,1943-07-21,usuario,2026-06-14 11:12:07
Benjamin Duarte,mcastro@example.com,1977-08-22,usuario,
Dra. Manuela da Luz,zsouza@example.com,1959-10-29,usuario,2026-07-20 17:01:39
Dr. Guilherme Casa Grande,jose-miguel89@example.com,1946-10-29,usuario,2026-08-20 23:00:54
Levi Cardoso,tda-luz@example.net,1976-03-27,usuario,2026-06-18 22:48:20
Henry Gabriel Castro,otaviocorreia@example.net,1965-04-10,usuario,2026-06-18 13:28:54
Maria Flor Duarte,barbosarafaela@example.org,1997-10-03,empresa,
João Guilherme da Cruz,ravi60@example.net,1976-11-28,usuario,2026-08-28 20:37:13
Thales Campos,hviana@example.net,1979-07-25,usuario,2026-08-09 07:03:34
Ana Cecília Cavalcante,helena95@example.org,1947-04-08,usuario,
Sra. Ana Carolina da Costa,krios@example.net,amanha,admin,2026-07-01 01:49:24
Cecília Sampaio,garciahelena@example.net,2003-09-26,usuario,2026-07-03 15:50:38
Daniela Barros,lfonseca@example.com,1973-06-22,usuario,2026-07-16 05:57:02
Dr. Antony Martins,marina53@example.com,1990-08-27,usuario,2026-08-23 13:47:26
Arthur Mendes,daniela28@example.org,2001-09-07,admin,2026-08-11 11:00:02
Maria Vitória Ramos,vitor42@example.org,1975-04-07,usuario,
,luigicunha@example.org,1974-10-11,empresa,2026-06-27 00:13:33
Maria Helena Leão,kaique@dominio,1959-12-26,usuario,2026-09-05 14:38:51
Sra. Isabelly Pires,mabreu@example.com,1962-12-06,admin,2026-07-08 03:02:59
Luísa Sá,daniel11@example.net,1961-06-17,admin,2026-07-31 21:38:01
Nathan Lopes,antonio70@example.org,1961-06-25,usuario,2026-08-15 13:34:28
Vitor Sousa,lopesmiguel@example.com,1971-05-06,superusuario,2026-07-10 21:39:02
Rodrigo Dias,ravi-lucca35@example.net,1946-04-06,empresa,2026-06-19 10:26:35
Ana Luiza Campos,julianada-costa@example.net,1966-12-14,usuario,2026-07-29 01:27:23
Maria Fernanda Nascimento,levipinto@example.org,1945-09-26,usuario,
Rafaela Vieira,emelo@example.net,1947-05-09,usuario,2026-07-01 05:32:31
Bernardo Vieira,mcirino@example.net,1991-11-09,root,2026-09-09 07:53:04
Sra. Juliana da Rocha,   ,1998-10-07,usuario,2026-09-08 16:54:42
Dra. Vitória Dias,gsilveira@example.org,1946-12-06,usuario,2026-07-13 04:29:55
Carolina Gomes,barbara19@example.com,2001-10-13,usuario,2026-07-02 01:19:40
Ana Beatriz Leão,oliveiraalexandre@example.org,1968-02-16,usuario,2026-08-06 19:26:04
Apollo Vieira,maya@dominio,1991-01-01,usuario,2026-08-20 15:22:45
Lavínia Cirino,brenocampos@example.org,1947-09-19,empresa,
Sarah Gomes,luigipimenta@example.net,2006-07-23,admin,2026-08-08 23:35:57
Brayan Rodrigues,ajesus@example.org,1988-07-29,admin,2026-08-19 18:52:42
Laura Nascimento,fogacajoaquim@example.net,1970-11-06,usuario,2026-07-20 15:14:38
Mariah Leão,teixeirabrayan@example.net,1944-06-12,empresa,2026-08-20 23:30:30
Sr. Ryan Costela,brayancamara@example.com,1961-08-25,admin,
Isadora Fonseca,gabrielly@dominio,1953-05-16,admin,2026-09-08 01:14:32
Luiz Miguel Fogaça,ravi-luccalopes@example.net,1939-06-17,usuario,2026-09-02 19:56:19
Srta. Beatriz da Costa,luigi67@example.com,1980-11-22,usuario,2026-06-25 16:32:13
Dr. Bruno Souza,pfreitas@example.org,2005-04-21,usuario,2026-06-19 19:43:05
Bruno Porto,laramarques@example.com,1952-05-18,admin,2026-07-04 14:41:09
Olívia Fonseca,asafepinto@example.com,1967-04-15,empresa,2026-08-13 19:59:39
Nathan Vasconcelos,agathabrito@example.com,1995-04-12,usuario,2026-08-13 02:41:10
Eloá Silva,,1988-10-18,usuario,2026-08-22 22:56:14
Sr. Yago Rezende,danielda-cruz@example.com,1938-09-26,admin,2026-08-06 19:34:38
Laura Monteiro,rodriguesclara@example.net,1953-02-18,usuario,2026-06-13 05:35:00
Eloah Lopes,bernardoda-mota@example.org,1936-01-13,admin,2026-08-02 17:43:01
Pietro Freitas,vitor-gabriel93@example.net,1988-06-24,,
Brenda Ribeiro,antoniomendonca@example.org,1951-01-18,usuario,2026-07-21 07:56:18
Ágatha Costela,isabelly@@dominio.com,1956-05-20,admin,2026-08-26 18:48:52
Luiz Miguel Cavalcanti,kfreitas@example.com,1939-11-24,usuario,
Isabel Barros,caldeiravitoria@example.com,1969-05-23,usuario,2026-07-15 18:25:26
Lívia Fonseca,joao-felipearaujo@example.com,1987-09-23,empresa,2026-08-18 17:00:23
José Miguel Machado,cassianoisaque@example.net,1938-10-25,usuario,2026-08-23 18:06:18
Sara Sá,marcos-vinicius97@example.org,1940-02-21,empresa,
Sr. Apollo Brito,guilhermesem-arroba.com,1963-02-27,usuario,2026-07-02 03:26:12
Miguel Araújo,sampaioantonio@example.org,1974-05-17,usuario,2026-07-09 04:18:24
Rael da Mata,usa@example.net,1945-05-22,usuario,2026-08-27 07:36:12
Bruno Nunes,hnovaes@example.net,1986-12-13,empresa,2026-07-03 01:02:52
Srta. Isadora da Cruz,ununes@example.net,1997-02-24,usuario,
Bruna Cunha,ffogaca@example.com,1948-12-25,usuario,2026-08-18 22:02:54
Zoe Fonseca,costelalais@example.org,1961-06-30,usuario,2026-07-10 02:37:08
Laura Gonçalves,mariahcarvalho@example.net,1969-11-13,empresa,2026-08-12 18:26:39
Dra. Marcela Abreu,antonio84@example.com,1945-08-23,admin,2026-07-25 16:01:12
   ,vitor-gabrielfreitas@example.net,2007-08-21,usuario,2026-09-07 14:25:40
Alexandre Martins,renannogueira@example.net,1975-09-16,usuario,2026-08-09 23:40:12
Agatha Sá,enzo-gabrielsousa@example.net,2003-06-11,usuario,2026-07-08 22:49:24
Maria Alice Duarte,maria-sophiabarbosa@example.com,1950-04-19,superusuario,2026-08-22 07:23:28
Lorenzo Vasconcelos,acastro@example.org,1993-10-02,usuario,
Ana Clara Cassiano,jalbuquerque@example.org,1994-11-13,admin,2026-06-19 10:31:15
Aylla Montenegro,znascimento@example.net,1991-09-19,usuario,2026-06-30 23:04:08
Maria Luísa Cavalcante,scastro@example.org,1970-07-16,usuario,2026-08-28 02:29:37
Vitor Hugo Aparecida,maria-lizvieira@example.org,1980-07-20,admin,
Sr. Miguel Caldeira,sarah38@example.com,1985-12-28,empresa,2026-07-28 20:38:12
Ana Vitória Albuquerque,palbuquerque@example.org,1955-03-22,usuario,2026-07-12 07:24:32
Ágatha da Paz,da-costalarissa@example.org,1943-02-16,usuario,2026-07-20 17:33:26
Jade Vieira,diogo68@example.net,1942-10-07,usuario,2026-07-14 10:11:14
Sra. Ana Laura Azevedo,dfogaca@example.com,1983-11-21,usuario,2026-09-03 08:41:52
Marcos Vinicius Pimenta,maria-isiscarvalho@example.net,1963-10-11,usuario,
Theo Campos,clarice@@dominio.com,1953-06-04,usuario,
Raquel Sá,maria-juliacostela@example.net,1936-12-10,usuario,2026-08-18 06:06:07
Mathias Lopes,tnogueira@example.net,1954-07-08,empresa,2026-07-24 11:46:29
Miguel Sales,arthur-miguelda-mata@example.org,1968-12-30,usuario,2026-08-31 19:53:22
Ana Lívia Moura,lucas-gabrielnascimento@example.com,2007-02-28,usuario,2026-08-29 21:37:13
Dante Lopes,rebeca10@example.net,1981-11-06,usuario,2026-06-12 13:52:06
Benjamin da Cruz,thiago23@example.net,1988-08-22,empresa,2026-07-11 07:49:17
Antonella da Rosa,vitor-hugo98@example.com,1947-08-21,usuario,2026-09-06 21:16:57
Maria Isis Abreu,santosmariane@example.net,1947-05-06,empresa,2026-08-13 13:40:10
Nicolas Sousa,isisnogueira@example.com,1968-02-19,empresa,2026-07-18 11:37:43
Dr. Gustavo Henrique Macedo,talmeida@example.org,1937-05-18,empresa,2026-06-19 10:19:43
Heloísa Cavalcante,,1950-03-20,admin,2026-08-10 17:36:40
Bruna Montenegro,leaosara@example.org,2002-10-05,admin,2026-07-16 12:16:36
Evelyn Casa Grande,isabel15@example.com,2010-08-24,usuario,2026-06-18 02:44:27
Helena Leão,ana-carolinafernandes@example.com,1966-08-16,usuario,2026-07-31 17:51:11
Maria Isis Fernandes,nogueiraheloisa@example.net,1988-06-20,usuario,2026-08-17 02:59:35
Gabriel da Conceição,beatrizpimenta@example.net,1973-12-30,usuario,2026-07-06 00:04:30
Ana Julia Barbosa,maria-juliacostela@example.net,1993-04-01,admin,2026-07-17 11:18:18
Isadora Mendes,asilva@example.com,2002-09-15,usuario,2026-06-25 02:56:52
Yuri Guerra,breno59@example.com,1978-04-28,admin,2026-07-21 06:22:24
Eduardo Sampaio,freitasrafaela@example.com,31/02/2000,usuario,2026-08-06 21:11:18
Sr. Pedro Melo,brios@example.com,1986-08-10,usuario,2026-08-25 04:47:37
Cauã Melo,guerraayla@example.com,1998-06-26,admin,2026-07-31 08:57:20
Maria Júlia Cirino,rcorreia@example.org,1982-03-04,usuario,2026-07-13 14:25:53
Alexandre Dias,luisa48@example.com,1967-11-29,usuario,2026-09-09 05:48:14
Kevin Rodrigues,amacedo@example.org,1991-05-11,admin,2026-08-14 20:30:17
Dr. Theo Rodrigues,luna50@example.com,1972-01-05,admin,2026-07-22 08:00:25
Brayan Abreu,emanuellapeixoto@example.com,1940-11-05,empresa,
Dr. Daniel Casa Grande,silvamurilo@example.net,2008-08-03,usuario,2026-08-12 09:01:31
Thales Caldeira,pastorstephany@example.org,2000-11-25,usuario,2026-06-28 15:12:33
Ana Clara Gonçalves,ravysantos@example.org,1992-02-15,admin,2026-07-11 20:42:50
Vinícius Dias,teixeiraolivia@example.com,1936-03-17,empresa,2026-08-07 17:43:49
Ryan Jesus,vasconcelosjoao-guilherme@example.com,1953-11-12,admin,2026-08-07 13:46:55
Melissa Pacheco,teixeiraraquel@example.net,1990-04-20,admin,
Yago Correia,isis66@example.org,2000-06-20,usuario,2026-09-09 03:53:54
Danilo Sá,clarice34@example.com,1937-10-19,empresa,2026-08-01 23:42:22
Vicente Oliveira,vasconcelosliz@example.org,1987-11-12,usuario,
Dr. Francisco Rocha,nascimentocaroline@example.org,1961-08-08,usuario,2026-06-15 20:52:41
Ana Nascimento,vmoreira@example.com,,admin,2026-07-03 03:34:05
Mateus da Cunha,hellena55@example.com,2009-07-26,usuario,2026-09-08 21:23:53
Léo Guerra,saleandro@example.com,1948-05-20,empresa,
   ,luana09@example.net,1973-01-24,usuario,2026-08-24 00:55:02
Vitor Hugo Cavalcante,gpires@example.net,2003-11-27,empresa,2026-07-16 23:24:31
Sra. Maria Cecília Marques,da-motajoao-pedro@example.org,1979-08-10,usuario,2026-08-10 17:50:17
Luan Martins,mariahcavalcanti@example.net,2006-08-10,admin,2026-08-17 14:22:25
Lívia Melo,ana-juliasouza@example.net,1953-05-06,usuario,2026-08-10 06:55:13
Pedro Miguel Jesus,bsousa@example.org,1966-06-16,usuario,2026-08-22 03:11:15
Lara da Cruz,maria-juliaoliveira@example.com,1955-07-12,admin,
Arthur Ramos,mathiasvargas@example.org,,usuario,2026-06-27 02:30:09
João Pedro Nascimento,almeidadavi-luiz@example.org,2000-11-19,usuario,2026-07-08 13:14:41
   ,aazevedo@example.org,2003-04-26,admin,2026-07-24 20:29:34
Luiz Gustavo Nunes,carlos-eduardo22@example.com,1966-04-04,usuario,2026-07-18 16:18:05
Heloisa Casa Grande,abreusarah@example.net,2006-08-18,usuario,2026-06-29 21:31:33
José Pedro Fernandes,cdias@example.org,1991-10-23,usuario,2026-06-30 03:01:05
Amanda Martins,fdas-neves@example.com,1939-01-12,usuario,2026-07-03 21:27:47
Dr. Calebe da Cruz,uoliveira@example.com,1970-09-23,admin,2026-06-30 00:16:01
Ravy Nogueira,,1953-03-26,empresa,2026-09-01 18:56:10
Gabrielly Pastor,yuri13@example.com,1993-05-04,empresa,2026-07-30 16:06:27
Aurora Caldeira,jade73@example.com,1960-07-19,usuario,2026-08-30 20:27:14
Cecilia Lima,nathansem-arroba.com,1944-10-18,usuario,2026-07-09 21:10:42
Heitor Sousa,lcostela@example.org,1939-10-24,usuario,2026-09-08 05:52:59
Cauê da Mata,theo@dominio,1956-01-01,admin,
Nathan Guerra,dnogueira@example.org,1983-03-14,usuario,2026-06-13 10:16:41
Lunna Novais,riossamuel@example.com,1942-02-17,usuario,2026-09-08 16:17:14
Dr. Yuri Fonseca,luiz-felipecirino@example.org,1996-11-27,usuario,2026-07-11 18:34:58
Pedro Miguel Sales,vasconcelosnicole@example.org,1947-08-20,usuario,2026-07-25 14:06:12
Agatha Farias,larissa35@example.net,1943-08-19,usuario,2026-08-02 11:43:35
Dra. Maria Alice Monteiro,carolinerodrigues@example.net,2009-12-07,usuario,2026-08-03 17:09:39
Olívia Siqueira,maria-fernandanovais@example.com,1940-12-26,usuario,2026-08-05 07:28:18
Emanuella Nascimento,cardosoluiz-felipe@example.net,1943-07-26,admin,2026-07-28 20:03:58
Benjamin Rezende,xalves@example.com,2008-08-26,usuario,2026-07-23 21:03:18
Olivia Azevedo,brunolopes@example.com,1957-09-21,usuario,2026-08-30 13:48:57
Dra. Maria Luísa Barros,henrique59@example.com,1956-02-10,admin,2026-06-15 20:38:48
Liam Ramos,hda-costa@example.com,1938-07-01,empresa,2026-07-17 05:51:37
Mariane Casa Grande,barrosisabela@example.org,1993-10-21,empresa,2026-07-07 07:54:29
Olívia da Mata,zpastor@example.org,2001-01-13,usuario,2026-08-05 05:32:00
Breno Nogueira,,1991-06-03,usuario,2026-08-26 08:32:22
Emanuelly Araújo,sjesus@example.com,2005-01-02,usuario,
Kevin Sampaio,mendeslarissa@example.org,1996-01-09,usuario,2026-06-27 05:47:49
Dr. Pietro Marques,tda-rosa@example.net,1991-08-21,usuario,2026-07-13 06:07:30
Bento Pinto,analeao@example.com,2007-03-21,usuario,2026-08-04 23:39:08
Sra. Maria Laura Machado,luan36@example.org,1985-12-19,empresa,2026-09-04 08:26:30
Luiz Felipe Cunha,,1941-02-04,usuario,2026-08-29 16:29:51
,moraesleandro@example.net,2000-01-06,empresa,2026-07-12 13:04:10
Ana Julia Siqueira,qda-luz@example.org,1937-03-19,admin,2026-06-16 22:58:04
Isabel Pires,cauãsem-arroba.com,1998-10-10,admin,2026-09-02 11:21:24
Marina Pimenta,isaque19@example.org,1945-01-02,admin,2026-07-17 09:35:52
Stella Cardoso,igorgarcia@example.net,amanha,admin,2026-07-29 16:03:59
Sophie Borges,kaiquesouza@example.org,1971-02-12,usuario,2026-07-25 19:21:22
Nina Monteiro,   ,1964-01-10,usuario,2026-07-07 10:43:29
Giovanna Peixoto,otto22@example.com,,usuario,2026-08-14 17:32:56
Lucas Nascimento,costelazoe@example.org,1947-05-31,empresa,2026-07-14 04:33:17
Caleb Jesus,milenadas-neves@example.com,0000-00-00,empresa,
Gael Henrique Peixoto,maria-isiscassiano@example.com,1937-12-23,admin,2026-06-13 16:04:46
Sra. Zoe Jesus,rodriguesliam@example.net,1965-12-05,usuario,2026-07-09 23:37:06
Luana da Conceição,pastorbrayan@example.org,1953-07-31,usuario,2026-09-03 15:48:12
Maria Fernanda Ribeiro,da-rochamaria-helena@example.com,2001-09-28,usuario,2026-08-23 23:35:55
Sra. Lívia Barbosa,davi64@example.com,2004-03-21,usuario,
Juliana da Luz,marcelo11@example.com,1988-01-25,ADMIN ,2026-07-04 06:18:26
Rael Silva,paragao@example.org,1969-05-06,ADMIN ,
Rodrigo Albuquerque,gomesmaria-clara@example.net,1962-11-06,usuario,2026-09-01 11:17:38
Davi Lucas Rezende,scunha@example.net,1957-10-13,usuario,
Gustavo Henrique Carvalho,macedoleonardo@example.com,2007-07-15,,2026-08-10 02:30:58
Sra. Sarah Borges,sousaanna-liz@example.net,1988-01-26,usuario,2026-06-15 15:49:26
Dra. Jade Ribeiro,nataliavieira@example.net,1953-12-02,usuario,2026-09-01 08:51:57
Srta. Aylla Santos,nmoura@example.org,1939-07-23,empresa,
Luiz Miguel Gonçalves,bentopastor@example.net,1964-03-16,usuario,2026-08-26 09:22:14
Ana Lívia Porto,stephany56@example.net,1990-03-04,admin,2026-07-14 21:22:14
Renan Sampaio,gpacheco@example.com,1950-03-29,usuario,2026-08-11 11:39:02
Anthony Gabriel Pacheco,andrenovais@example.com,1971-12-24,usuario,2026-06-23 21:41:05
Sra. Melissa Pastor,enzo-gabriel52@example.com,1937-02-07,usuario,
Yago Rocha,   ,2006-11-06,empresa,2026-06-19 10:18:37
Maitê Macedo,livia46@example.com,1977-09-23,empresa,2026-07-14 08:18:37
Sr. Leandro da Rocha,valbuquerque@example.com,1955-03-10,usuario,
Daniel da Rocha,mendesbernardo@example.com,1958-06-20,empresa,2026-06-29 09:43:22
Eloah Pinto,thales87@example.com,1978-06-30,usuario,2026-07-28 07:31:50
Carlos Eduardo Rezende,agathanogueira@example.net,1980-03-15,empresa,2026-08-26 22:54:47
Mateus Pereira,henry-gabriel33@example.com,2004-09-10,empresa,2026-07-19 02:06:48
Sr. Luiz Henrique Ferreira,freitasisabella@example.com,2001-03-08,usuario,
Sofia Rocha,matheus23@example.org,1946-05-03,usuario,2026-09-09 08:13:41
Sra. Vitória Cardoso,xvargas@example.com,1958-10-05,usuario,2026-07-11 00:22:04
Sra. Yasmin Freitas,pietramonteiro@example.org,1953-08-18,admin,
Srta. Carolina Pires,vdas-neves@example.net,2009-01-17,usuario,
Isabela Barros,caldeiramaria-flor@example.net,1961-06-03,usuario,2026-06-24 18:22:48
Dante Campos,barroslucca@example.org,1979-04-16,admin,2026-07-26 05:11:08
Sra. Maria Luísa Pacheco,martinsarthur-gabriel@example.org,1963-02-10,admin,2026-06-20 09:51:56
Valentina Fonseca,miguel93@example.net,1942-11-18,admin,2026-07-14 13:49:54
Vicente Carvalho,osiqueira@example.com,1959-07-10,usuario,2026-06-16 00:57:47
Lucas Gabriel Almeida,emanuellacardoso@example.net,1939-01-16,usuario,2026-07-07 10:44:04
João Vitor Teixeira,fonsecamateus@example.org,1981-04-30,usuario,2026-07-20 14:59:40
Luiz Fernando Aragão,leandroribeiro@example.com,1969-08-27,usuario,
Danilo Pires,camargofrancisco@example.net,1945-02-27,usuario,2026-06-17 22:24:27
Maria Fernanda da Cruz,yurilopes@example.com,1948-03-25,admin,2026-06-23 16:49:50
Giovanna Fernandes,vitor-gabrielrodrigues@example.org,1967-06-19,usuario,2026-06-30 22:14:50
Luiz Henrique Rezende,alexiamoura@example.org,2005-08-30,usuario,2026-08-14 18:11:29
Ana Beatriz da Costa,rebecacarvalho@example.net,2005-07-16,usuario,2026-06-29 20:02:38
Josué Gonçalves,maria-flor81@example.net,1986-09-05,empresa,2026-08-19 04:58:04
Yago Silveira,ana-juliasa@example.net,1959-09-14,usuario,
João Lucas Camargo,wmelo@example.net,1943-02-27,usuario,2026-06-24 03:44:15
Emilly Silveira,luiz-miguelcassiano@example.org,2005-05-31,usuario,2026-06-15 15:18:56
Amanda da Rosa,efreitas@example.org,1992-10-16,usuario,2026-08-12 01:13:15
Pedro Miguel Mendes,aparecidalorenzo@example.org,1966-12-05,admin,2026-07-21 13:39:32
Davi Miguel Azevedo,antonypires@example.com,1978-04-25,admin,2026-07-04 11:37:32
Luiza Cardoso,piresana-vitoria@example.net,1996-07-22,usuario,2026-08-17 00:26:14
Theodoro Teixeira,palbuquerque@example.org,1974-08-20,usuario,
Ana Vitória Cavalcante,pedro-henrique23@example.com,1957-11-11,usuario,2026-06-23 09:23:20
Nathan Caldeira,ncasa-grande@example.org,1963-11-19,usuario,2026-08-31 21:37:20
Kamilly Sampaio,yago19@example.net,1947-03-21,empresa,2026-07-26 04:37:39
Maysa Fogaça,lunna06@example.org,1939-09-02,usuario,
Aurora Ramos,yanferreira@example.net,1988-03-04,usuario,2026-06-26 03:52:25
Olivia Martins,luiz-gustavo60@example.net,31/02/2000,empresa,2026-08-17 13:32:57
Alexandre da Mata,leandromoraes@example.net,1953-07-03,usuario,2026-08-02 21:20:07
Bernardo Montenegro,isisda-mata@example.org,1957-09-26,empresa,
Dr. Alexandre Barbosa,qoliveira@example.org,1964-08-22,usuario,2026-07-26 09:04:53
Noah Azevedo,omachado@example.org,1937-07-29,usuario,
Maria Isis Silveira,camaramaria-isis@example.com,1946-09-15,empresa,2026-07-21 00:07:28
Emanuelly Barros,gmonteiro@example.net,1974-08-15,usuario,2026-08-25 21:42:02
Alana Caldeira,paulo20@example.net,1953-01-06,usuario,2026-09-06 08:56:52
Otto Santos,alexandre58@example.org,1946-10-29,usuario,2026-08-30 11:42:48
Evelyn Câmara,stephanycardoso@example.net,1971-02-08,usuario,2026-08-29 03:13:28
   ,luiz-miguelsiqueira@example.com,1987-12-15,usuario,2026-09-04 10:55:48
Vinicius Fernandes,asafe56@example.com,amanha,admin,2026-08-05 14:06:12
Yuri Teixeira,rda-cunha@example.com,1972-09-28,empresa,2026-08-24 01:28:18
Fernando Alves,rlima@example.net,1954-10-21,usuario,2026-07-23 09:59:30
Ana Carolina Aparecida,arthur04@example.org,1964-03-13,root,2026-09-03 00:37:24
Evelyn Fonseca,marcos-viniciusmonteiro@example.net,1973-03-10,usuario,2026-07-28 02:49:22
Otávio Ramos,qmontenegro@example.net,2006-05-17,usuario,2026-07-18 16:34:35
Arthur Vargas,nogueiraoliver@example.org,2009-07-10,empresa,2026-08-23 20:48:50
Emanuella Correia,bentocarvalho@example.com,1949-05-05,empresa,
,sousatheodoro@example.net,1962-08-31,usuario,2026-06-18 09:06:56
Sofia Souza,ferreiramaria-julia@example.org,2001-07-13,usuario,2026-09-07 20:23:10
Dra. Eloah Siqueira,qlopes@example.com,1937-10-16,empresa,
Ana Cecília Rodrigues,pfreitas@example.org,1994-09-18,usuario,2026-06-29 04:28:55
Daniel Aragão,rochajose@example.net,2004-08-03,usuario,2026-08-03 12:21:45
Ayla Rezende,carolina78@example.net,1962-08-28,admin,2026-07-23 16:19:09
Ayla Dias,isabellypacheco@example.com,2002-06-15,usuario,2026-07-25 08:14:12
Emanuel Guerra,elisalopes@example.com,1935-11-18,superusuario,2026-07-26 13:47:28
Dra. Maria Isis Araújo,stephanyaraujo@example.org,1980-02-29,usuario,2026-08-20 21:00:54
Maria Liz Fernandes,rodriguesmaria-luisa@example.net,1957-10-19,admin,2026-08-12 04:16:54
Allana Rios,davi-miguel07@example.com,amanha,usuario,2026-08-28 10:52:10
Luigi Costela,raeloliveira@example.net,1981-06-25,empresa,2026-07-15 09:20:03
Enrico Nunes,dcorreia@example.com,1987-06-05,empresa,2026-09-02 09:29:38
Bianca Moraes,lmoreira@example.org,1936-12-02,usuario,2026-08-30 18:50:19
Leandro Pastor,gabrielly72@example.org,1944-06-21,usuario,2026-06-19 04:02:48
Bárbara Garcia,fvasconcelos@example.net,1939-09-14,empresa,2026-08-22 08:33:12
Kamilly Andrade,pachecogustavo@example.net,2005-10-13,superusuario,2026-06-20 19:02:34
Diogo Leão,biancaferreira@example.net,1945-08-14,usuario,2026-08-08 21:08:33
Cecilia das Neves,ycosta@example.net,1971-05-27,usuario,2026-08-14 18:08:24
Dr. Apollo Nogueira,casa-grandekaique@example.net,2002-11-26,usuario,2026-07-26 02:00:52
Erick Vasconcelos,barbosanoah@example.org,1973-03-05,admin,2026-08-04 06:21:02
Dra. Jade Brito,ivargas@example.com,1981-05-13,usuario,2026-08-13 19:37:02
Maria Sophia Gomes,   ,1994-01-30,usuario,2026-06-29 12:22:31
Luara Siqueira,silvaana-julia@example.com,1947-10-31,usuario,2026-08-12 18:06:05
Olívia Casa Grande,baragao@example.org,1984-03-21,usuario,2026-09-01 16:03:17
Gael Macedo,ana-claravargas@example.com,1949-05-29,admin,2026-06-16 00:26:00
Benicio Pastor,manuela58@example.org,1987-12-07,usuario,
Sra. Ana Julia Moura,joanagoncalves@example.com,1953-09-06,empresa,
Gabrielly Moreira,lda-paz@example.net,1966-04-06,usuario,2026-07-02 11:40:01
Stella da Rosa,rezendemaria-vitoria@example.net,2009-05-18,usuario,
Kamilly Campos,joao-miguel21@example.net,,usuario,2026-09-07 23:04:36
Rodrigo Freitas,da-rochaleticia@example.com,2007-10-23,,2026-07-13 14:31:14
Alícia da Rosa,cavalcantijoao-gabriel@example.net,1986-05-31,usuario,2026-07-27 23:03:41
Ryan Melo,maria-alice58@example.net,1973-04-09,empresa,2026-06-14 22:15:58
   ,ana82@example.com,1965-11-06,usuario,
Davi Lucca Costa,dduarte@example.net,2010-07-10,usuario,2026-07-20 13:43:35
Stella Ramos,thiago53@example.net,1947-07-15,usuario,
Igor Viana,paulocampos@example.net,1964-12-05,empresa,2026-09-05 06:34:48
Sophie Gomes,jade78@example.net,1949-02-18,usuario,2026-09-06 03:54:44
Felipe Teixeira,erickpinto@example.com,1950-10-24,usuario,2026-06-16 18:10:30
   ,caua69@example.com,1971-10-13,usuario,2026-08-10 15:21:17
Mirella Lima,joao-vitoralves@example.com,1942-09-12,empresa,2026-07-29 01:29:33
Ana Carolina da Luz,gustavo98@example.org,1951-05-28,usuario,
Julia Sales,hellenasiqueira@example.com,1952-10-12,empresa,2026-07-21 07:09:35
Maria Luísa Pastor,jose-miguel89@example.com,2007-03-26,usuario,2026-08-12 19:38:37
Pedro Andrade,vitoriamacedo@example.net,2002-03-28,usuario,2026-09-07 09:09:53
Enzo Sousa,leandrofarias@example.org,1962-10-28,usuario,2026-08-06 06:30:20
Gabrielly Sampaio,da-rosabernardo@example.net,1952-04-26,empresa,
Vitor Gabriel Pinto,fda-rocha@example.com,2000-02-10,admin,2026-09-01 15:30:08
Dr. Vitor Hugo Rezende,helenateixeira@example.org,1977-02-26,usuario,
,hda-mota@example.net,1979-08-25,usuario,2026-08-29 05:31:13
Vinícius da Cruz,ferreiraluara@example.org,1947-01-15,usuario,2026-07-05 06:36:10
Caroline Machado,vmarques@example.org,1986-08-01,usuario,2026-06-27 01:27:17
Luiz Felipe Cavalcante,ayla99@example.org,1987-10-27,empresa,2026-06-24 03:12:56
Marcos Vinicius Dias,danielamarques@example.net,1979-04-28,usuario,2026-06-14 06:00:21
Emanuel da Paz,lsilva@example.net,1986-12-26,usuario,2026-07-12 12:16:26
Nicolas Moraes,luigicunha@example.org,1947-11-14,admin,2026-07-20 20:57:32
Ana Julia Vieira,fariasbianca@example.com,1978-09-11,empresa,2026-09-04 04:37:07
Maria Fernanda Barros,hellena56@example.net,0000-00-00,admin,
Sophia Teixeira,barbosasophie@example.com,1942-03-10,empresa,2026-07-05 03:21:55
João Miguel Pimenta,rhavicaldeira@example.com,1956-06-17,usuario,
Rafaela Andrade,gael-henrique89@example.net,1943-12-18,usuario,2026-09-09 00:29:01
Erick Rodrigues,theodoroduarte@example.com,2001-01-07,usuario,
Daniela da Luz,maysa16@example.net,1942-05-06,usuario,2026-06-17 08:59:59
Isis Dias,lopestheodoro@example.com,1994-06-13,empresa,2026-07-29 02:09:45
Dr. Otto Andrade,maria-eduardaaraujo@example.com,1987-12-31,superusuario,2026-07-29 21:10:22
Yan da Costa,goncalvesjade@example.net,1991-01-20,empresa,2026-07-21 07:38:13
Melissa Silva,lucas-gabrielsouza@example.net,1948-09-26,empresa,2026-07-21 04:43:36
Henry Gabriel Lima,nathancostela@example.com,,empresa,2026-08-07 14:23:45
Matteo Lopes,manuela65@example.net,1968-04-14,admin,2026-07-10 13:22:08
Julia Rios,olívia@dominio,2002-06-26,empresa,2026-06-14 01:29:00
Apollo Novaes,aabreu@example.com,amanha,empresa,2026-08-30 02:25:45
Sr. Mateus Martins,souzajoao-gabriel@example.org,amanha,usuario,2026-08-19 09:37:04
Gabrielly da Luz,gsantos@example.org,1998-08-17,usuario,2026-08-04 13:02:21
Ana Beatriz Albuquerque,omacedo@example.com,1952-11-10,admin,2026-07-14 13:18:09
Manuella da Paz,jcastro@example.net,1942-06-24,admin,2026-07-01 04:14:55
   ,bazevedo@example.com,1950-02-20,usuario,2026-08-11 23:18:31
Fernando Cavalcante,eloá@dominio,1976-12-05,usuario,2026-06-17 16:36:41
Nicole da Rocha,clara29@example.org,1950-11-26,usuario,2026-08-30 21:24:34
Sra. Ester Aparecida,wda-luz@example.net,1949-07-05,admin,2026-06-18 16:42:56
Enzo Gabriel da Cruz,antonio97@example.net,1995-03-31,empresa,2026-08-29 20:08:39
Srta. Sophie da Cunha,urodrigues@example.net,1977-02-04,usuario,
Maria Julia Mendes,agathada-paz@example.org,2005-07-19,empresa,2026-08-10 07:26:44
Theodoro Câmara,rodriguesmatteo@example.net,1980-06-02,empresa,2026-07-12 04:09:26
Isaque da Rocha,aparecidalara@example.net,1958-06-01,usuario,2026-08-16 01:16:44
Dra. Cecília Azevedo,brunoda-conceicao@example.net,1966-01-25,usuario,2026-08-22 06:53:36
Bernardo Oliveira,da-pazana-livia@example.org,1967-02-03,empresa,2026-09-03 22:12:35
Carlos Eduardo Caldeira,anna-liz93@example.org,1949-09-18,admin,2026-08-31 10:54:46
   ,pedro-miguel50@example.com,1999-11-22,admin,2026-06-25 11:46:57
Isaac Campos,azevedoana-cecilia@example.com,amanha,usuario,2026-06-26 18:58:28
Fernando Mendonça,isabel73@example.com,1953-09-07,superusuario,2026-07-17 07:08:54
João Pedro Aparecida,nicole29@example.net,1951-07-26,admin,2026-06-29 06:07:43
João Pedro Vieira,diogoribeiro@example.net,1965-08-24,root,2026-06-18 23:47:25
Thiago Aparecida,melissa@@dominio.com,1957-10-03,usuario,2026-09-10 13:17:34
Sr. Otto Moraes,joanavasconcelos@example.com,1982-10-10,admin,2026-08-04 08:56:38
Ryan Albuquerque,aragaovitor-hugo@example.com,1962-10-06,superusuario,
Sara da Conceição,esterpacheco@example.net,1977-02-20,usuario,2026-06-29 13:46:35
Isaque Sá,casa-grandeemanuelly@example.net,1977-05-10,usuario,2026-08-13 09:46:24
Sophia Rios,isadora95@example.net,1954-01-16,usuario,2026-08-23 11:17:52
Dra. Olívia Ramos,mendesana-luiza@example.org,1955-07-25,empresa,2026-06-27 20:43:06
João Lucas Oliveira,lgarcia@example.com,1987-08-26,usuario,2026-07-19 17:58:42
Fernando Aragão,duartebella@example.net,1968-12-07,admin,2026-06-25 15:39:21
Stella da Rosa,duartejoao-pedro@example.net,1997-03-31,admin,2026-06-25 13:15:30
Dr. Cauã Mendonça,vcamargo@example.org,1936-08-31,admin,2026-07-27 17:08:30
Raul Fogaça,brayan60@example.org,1952-03-28,admin,2026-08-12 16:56:37
Raul Correia,,1985-01-22,usuario,
Davi Luiz Teixeira,duartejoao-guilherme@example.com,1966-08-16,usuario,2026-06-21 05:58:17
Maria Fernanda Sales,ojesus@example.net,1979-09-19,usuario,
Samuel Aragão,rael96@example.org,2000-04-20,usuario,2026-07-26 08:36:58
Maria Laura da Mota,wfernandes@example.com,amanha,empresa,2026-07-23 00:09:26
Lavínia da Cruz,ipastor@example.net,1956-01-25,admin,2026-09-06 10:22:37
Dra. Lunna da Cunha,costelacecilia@example.com,1937-11-20,admin,
Sra. Zoe Marques,pastortheodoro@example.net,1941-07-04,usuario,2026-08-01 08:49:31
Fernando Viana,lunnabarros@example.com,1987-11-21,,2026-06-29 14:50:27
Luiz Miguel Ferreira,carolinaazevedo@example.net,1945-06-02,usuario,2026-07-03 02:08:06
Gustavo Henrique Jesus,levibarros@example.net,1983-05-15,usuario,2026-06-19 04:06:12
Paulo Alves,cirinokevin@example.net,1945-07-02,empresa,2026-06-20 09:48:56
Esther Albuquerque,rocharavi-lucca@example.org,1938-07-17,usuario,2026-08-31 09:52:54
Laís Costela,josé pedrosem-arroba.com,1950-04-01,usuario,2026-06-24 16:44:11
Sr. Calebe da Luz,enzocamara@example.com,2009-02-09,usuario,2026-08-17 04:46:15
Letícia Caldeira,camaraluiz-felipe@example.com,1940-10-22,usuario,
Guilherme Gonçalves,silvabenjamin@example.com,1988-03-17,usuario,2026-06-14 19:10:19
Helena Fonseca,ycavalcante@example.net,2003-12-23,root,2026-08-27 03:27:55
João Pedro Almeida,aragaobenjamim@example.org,1936-08-13,usuario,2026-06-28 13:12:43
Laura Azevedo,jose-miguel85@example.com,1938-04-16,admin,2026-07-04 20:34:38
Antonella Fernandes,caua90@example.net,1976-10-31,usuario,2026-06-15 17:31:36
Augusto Vasconcelos,ribeiroana-cecilia@example.org,1957-05-30,usuario,2026-09-09 17:05:48
Ágatha Lopes,da-conceicaoleandro@example.com,1976-11-24,usuario,2026-08-01 06:51:02
Rafael Costa,leolima@example.org,1959-03-19,admin,2026-06-18 16:48:21
Isis da Rocha,aurora42@example.com,2003-03-05,usuario,2026-06-13 19:11:34
Maria Laura Duarte,lavinia92@example.org,1952-03-21,usuario,2026-08-27 12:30:12
Diego Porto,lizmacedo@example.net,2008-04-13,usuario,2026-06-16 06:28:10
Benjamim Pastor,sophiedias@example.org,1970-05-17,usuario,2026-08-28 06:03:32
Sra. Ana Marques,marina65@example.org,1981-03-22,usuario,
Leonardo Ferreira,kduarte@example.com,1936-10-10,usuario,2026-06-19 20:11:04
Vitor Gabriel Nascimento,raquel51@example.com,1976-05-16,usuario,2026-08-17 14:02:47
   ,qsales@example.org,1938-07-26,usuario,2026-07-17 22:34:53
Sr. Raul da Paz,brenocamara@example.org,1973-09-27,admin,2026-07-05 17:09:13
Sr. Erick Caldeira,felipecostela@example.org,2010-01-10,usuario,
Maria Laura Duarte,alice16@example.org,1950-08-20,empresa,
Maria Luísa Cavalcante,ana-sophiamelo@example.com,1983-06-10,usuario,2026-07-12 12:47:40
Mariana Cunha,qsa@example.net,1967-07-11,admin,2026-08-01 16:52:51
Ayla Sales,sousaheitor@example.net,2001-08-16,usuario,2026-07-08 08:42:26
Maria Julia Cirino,joao-lucas33@example.net,1996-08-04,usuario,2026-08-18 00:30:56
,ajesus@example.com,2001-11-18,usuario,2026-08-06 17:02:55
Srta. Maria Correia,naparecida@example.org,1946-11-14,usuario,2026-07-26 13:19:07
Evelyn da Cunha,ramosdavi-lucca@example.com,1976-04-02,empresa,
Maria Liz Ramos,pastormaysa@example.net,1980-02-14,admin,2026-09-01 02:20:08
Ester Cunha,rodriguesrafaela@example.net,1981-10-16,usuario,2026-08-03 00:02:02
João Miguel Dias,arthur-gabrielcirino@example.org,1938-02-26,usuario,2026-08-27 12:35:08
Dra. Esther Vargas,luigi21@example.com,1965-05-28,usuario,2026-06-17 07:54:26
Luigi Monteiro,pimentagiovanna@example.org,1985-12-09,admin,2026-07-16 05:04:49
Pedro Henrique Gomes,rezendeester@example.net,2000-10-04,admin,2026-07-11 22:37:44
Maria Flor Jesus,henrysiqueira@example.net,1962-01-12,usuario,2026-07-11 17:16:09
Asafe Fernandes,almeidabianca@example.com,1942-07-14,usuario,2026-09-07 20:44:17
Otto Fernandes,eduardo39@example.com,1948-02-15,empresa,2026-06-30 09:22:10
Sarah Nunes,novaiseloa@example.org,1973-10-09,ADMIN ,2026-08-02 21:20:22
Evelyn Duarte,sousaclara@example.org,1979-05-26,usuario,2026-08-02 13:33:24
Dr. Mateus Pereira,sarah15@example.org,1991-12-03,empresa,2026-08-01 15:12:04
Eduarda Cavalcante,heloisa62@example.com,1995-10-01,usuario,2026-07-04 08:18:29
João Guilherme Nogueira,montenegroantonio@example.org,1993-09-15,empresa,2026-07-15 22:02:05
Brenda Campos,letícia@dominio,1953-03-18,admin,
Igor Costa,ymartins@example.net,2007-10-29,usuario,2026-08-02 23:17:55
Henrique Teixeira,nascimentomaria@example.com,0000-00-00,usuario,2026-06-30 01:53:14
Ana da Cunha,bellaandrade@example.net,1963-07-04,admin,
João Miguel Nascimento,gustavo-henrique14@example.net,1980-04-13,usuario,
Enzo Ramos,luisa02@example.com,1970-09-21,usuario,
Sr. Rhavi Vieira,joao-miguelsouza@example.com,1980-02-22,empresa,2026-07-22 15:31:11
,ribeiroandre@example.org,1957-10-28,empresa,2026-08-24 21:31:28
Luigi Teixeira,fonsecacaue@example.org,1991-09-20,usuario,2026-07-01 14:11:21
Otto Nunes,sabrina18@example.org,2009-09-01,,2026-08-04 02:22:52
Marcela Monteiro,calebe37@example.org,2003-05-20,usuario,2026-07-15 18:48:51
Vinícius Araújo,garciahenry@example.org,1960-11-15,usuario,2026-07-30 00:01:47
Sr. Lorenzo Barros,luiz-otavio48@example.org,1997-04-18,admin,2026-08-05 20:26:23
Luna Câmara,igor45@example.org,1978-02-26,,2026-07-13 07:59:55
Gabriel da Rocha,sagabriel@example.org,1945-11-11,empresa,2026-08-12 19:53:00
Carolina Duarte,maria-helenaabreu@example.net,1955-12-04,usuario,2026-07-04 18:38:44
Bernardo Cirino,mborges@example.org,1989-06-16,usuario,2026-08-15 08:08:53
Isadora Freitas,bsiqueira@example.org,1945-05-15,usuario,2026-06-18 14:31:53
Dr. Liam Pereira,dbarbosa@example.org,1977-07-27,usuario,
,apollosampaio@example.net,1981-11-29,usuario,2026-07-24 03:17:05
Sra. Nicole Leão,moreiraliz@example.com,1985-03-30,ADMIN ,2026-07-10 03:57:49
Raquel Cunha,qmendonca@example.net,1947-05-16,usuario,2026-08-25 10:04:29
Isabelly Brito,   ,1937-05-07,empresa,2026-06-24 19:47:29
Henry Camargo,pereiraeduarda@example.com,1959-10-07,usuario,2026-08-30 20:50:01
Rael Vieira,nmoura@example.net,1950-10-07,admin,2026-07-11 14:14:12
Augusto da Luz,carolina80@example.com,1944-09-20,usuario,2026-07-13 21:29:22
Sra. Ana Cecília Marques,eduardosiqueira@example.net,1949-01-28,usuario,2026-07-14 01:44:06
Ana Castro,ryan86@example.net,1955-11-10,empresa,2026-07-23 08:00:17
Milena Vargas,vargasrael@example.com,31/02/2000,usuario,2026-08-12 18:37:43
Zoe das Neves,estermendes@example.com,1974-01-01,usuario,2026-07-08 03:57:51
Olívia Porto,ravi luccasem-arroba.com,2001-07-13,usuario,2026-08-31 03:36:46
Otávio Aragão,xoliveira@example.com,1938-11-16,empresa,2026-07-17 04:00:36
Lavínia Alves,matheus35@example.org,2008-11-26,admin,2026-08-11 13:44:50
José Pedro Azevedo,voliveira@example.com,1998-02-01,usuario,2026-08-24 23:24:46
Srta. Bruna da Rocha,raquel65@example.org,2006-09-02,empresa,2026-06-27 21:16:38
Arthur Rezende,cecilia23@example.org,1999-11-22,empresa,2026-07-15 09:32:51
Kevin Abreu,brayan22@example.org,1950-05-18,usuario,
Matheus Teixeira,   ,2009-09-28,usuario,
Daniela Nogueira,oborges@example.net,2010-02-26,usuario,2026-06-26 13:09:00
Diego Andrade,emendonca@example.com,1958-04-01,usuario,2026-08-06 21:43:44
Sra. Caroline Ferreira,tmachado@example.com,2003-12-18,usuario,
Ravy Castro,da-pazantony@example.org,,empresa,2026-06-23 06:50:34
Amanda Martins,murilo19@example.net,1945-08-30,usuario,2026-07-11 18:59:53
Valentina Barbosa,isabel@@dominio.com,1937-11-06,usuario,2026-08-21 16:47:37
Maria Luísa Sousa,dantemachado@example.com,1938-10-15,usuario,
Mariane Fonseca,pachecoluiz-miguel@example.com,1998-08-21,usuario,
Caroline Santos,eloah@dominio,1938-08-28,empresa,2026-07-24 21:55:56
Agatha Fernandes,andrenovais@example.com,1949-07-16,usuario,2026-07-24 15:59:22
Maya da Costa,costajoao@example.net,1999-07-26,ADMIN ,2026-07-30 04:38:47
Sr. Matheus Casa Grande,opereira@example.com,2006-05-09,,2026-07-02 03:53:52
Ana Lívia Carvalho,ofreitas@example.com,1936-09-18,usuario,2026-07-23 15:18:51
Fernanda Cavalcante,julia@@dominio.com,1968-04-21,usuario,2026-09-07 18:40:44
Arthur Miguel da Cunha,sophiecassiano@example.net,2009-10-10,admin,2026-06-22 13:55:24
Maria Fernanda Vieira,maria-clara42@example.org,1967-08-10,,2026-08-27 23:32:09
Ana Luiza Fonseca,mmarques@example.org,1958-12-03,usuario,2026-07-27 03:55:40
Rhavi Caldeira,otto44@example.org,1977-05-15,usuario,2026-06-23 18:01:25
Alana Santos,rezendegael@example.net,1974-12-13,admin,2026-07-15 08:24:10
Marina Alves,bernardo30@example.net,1982-04-13,usuario,
Liam Barbosa,wcavalcante@example.com,1979-07-08,usuario,2026-06-29 06:56:15
Letícia Correia,eviana@example.net,1945-06-19,empresa,2026-08-25 08:12:29
Sr. Isaac Novaes,allanamacedo@example.com,1988-10-11,usuario,2026-07-13 12:46:30
Maria Julia Jesus,ana-clara36@example.com,1941-01-14,usuario,2026-08-25 07:08:32
Mirella Gonçalves,barbaragomes@example.net,1975-07-08,usuario,2026-09-02 04:23:19
Dom Garcia,diegorocha@example.org,1999-03-09,admin,2026-06-25 01:35:05
Bárbara Ribeiro,mendesvitoria@example.org,1982-10-12,usuario,2026-08-27 10:04:49
Sra. Júlia Teixeira,sarah43@example.com,1986-11-27,usuario,2026-08-14 23:54:55
Bruno Teixeira,gabriellycunha@example.net,1954-05-18,admin,2026-07-02 12:21:47
Pedro Rios,barrosheloisa@example.com,1981-06-26,usuario,
Luísa Machado,araujosofia@example.com,1970-12-01,usuario,2026-09-06 07:44:17
Matheus Lima,vianabryan@example.net,1967-04-04,usuario,
Clara Lopes,carvalhostephany@example.net,1984-08-03,usuario,2026-08-28 06:50:38
Aurora da Luz,lorenzo03@example.net,1952-07-28,usuario,
Isis Fogaça,ana-julia35@example.com,1943-01-04,usuario,2026-08-16 11:09:48
Bernardo Mendes,maria-cecilia27@example.net,1972-03-25,usuario,
Enrico da Rocha,mathias11@example.com,2001-07-24,usuario,2026-07-15 02:57:02
Natália da Cruz,kpereira@example.com,1946-09-13,usuario,2026-08-10 02:09:36
Luiz Felipe da Rocha,vitor-hugo22@example.org,2003-09-28,usuario,2026-08-18 13:06:46
Lorena Carvalho,anna-lizsouza@example.org,1950-12-05,usuario,2026-08-23 01:59:13
José Pedro Vasconcelos,carolineaparecida@example.com,1953-02-04,usuario,2026-07-14 10:11:32
Davi Lucas Dias,costaclarice@example.net,1960-06-14,usuario,2026-09-10 09:02:39
Júlia Costela,nathan22@example.net,,empresa,2026-07-04 13:00:33
Laís Ramos,borgesnoah@example.org,1940-01-09,usuario,2026-07-23 11:36:36
Alexandre Pimenta,yan21@example.com,amanha,empresa,2026-07-16 22:17:36
   ,moraesluara@example.net,1942-10-31,usuario,2026-06-17 07:02:43
Diogo Nogueira,,1969-01-27,usuario,2026-07-17 15:42:38
Luna Almeida,luiz-otavioda-rocha@example.org,1984-01-13,admin,2026-07-01 03:38:46
Sra. Clarice Pinto,mleao@example.com,1977-12-22,usuario,2026-06-27 00:39:38
Gabrielly Araújo,davi-lucasazevedo@example.com,1961-05-21,admin,2026-06-30 23:15:33
Henrique da Paz,lda-mata@example.org,0000-00-00,usuario,2026-06-18 01:01:40
Breno Jesus,   ,1982-07-11,usuario,
Paulo da Conceição,davi-luiz19@example.org,1989-02-23,empresa,2026-07-17 00:06:56
Felipe Machado,francisco64@example.com,1983-03-27,empresa,
Benjamim Novaes,aduarte@example.org,1980-01-20,admin,2026-07-05 10:34:28
Alice Peixoto,mmoreira@example.org,1982-01-20,admin,
Liz Siqueira,   ,1949-09-22,admin,2026-09-08 03:34:24
Hellena da Luz,fariasaurora@example.org,1955-10-25,usuario,2026-08-05 10:45:21
Ana Cecília Fonseca,ianmarques@example.net,1982-05-28,usuario,2026-07-23 08:10:11
Pedro Santos,benicio69@example.com,1945-06-04,empresa,2026-06-25 02:31:24
Larissa Nascimento,luccapimenta@example.org,1956-09-21,empresa,2026-08-24 15:58:36
   ,das-nevespedro-lucas@example.com,1949-03-05,empresa,
Yan Rocha,anthony-gabrielnogueira@example.com,31/02/2000,usuario,2026-06-14 23:52:03
Ana Luiza Duarte,maria59@example.com,1958-05-21,usuario,2026-07-15 13:52:22
Maitê da Luz,pedro-lucaslopes@example.net,1992-12-03,empresa,2026-07-20 02:36:33
Bruna da Costa,oliviacastro@example.org,2002-06-06,usuario,2026-07-02 18:32:22
Bernardo Moraes,pporto@example.com,1962-08-08,usuario,
Isabella Fogaça,bpimenta@example.net,1951-12-22,usuario,2026-08-02 09:09:53
Kevin Sá,stellacastro@example.net,1954-12-12,empresa,2026-07-12 16:31:27
Fernanda Pacheco,rmartins@example.net,1994-09-19,usuario,2026-08-17 15:21:29
Juan Silva,arthur-miguelrios@example.org,1940-09-26,empresa,2026-08-17 19:52:39
Vinícius Dias,arthur-gabriel77@example.net,1982-12-19,usuario,2026-09-03 12:28:07
Vitor Duarte,asiqueira@example.org,1943-10-12,usuario,
Ian Silva,wdias@example.net,0000-00-00,usuario,2026-09-07 03:45:32
Dr. Dante Cavalcanti,leaomaria-sophia@example.com,1995-02-03,usuario,2026-07-16 16:18:54
Raul Alves,smoraes@example.org,1936-05-23,usuario,2026-08-15 22:02:15
Murilo Cirino,correiaheloisa@example.com,1974-06-17,usuario,
Marcos Vinicius Cunha,mariah99@example.com,1945-08-13,admin,
Maria Moreira,ian@@dominio.com,1999-02-18,admin,2026-07-10 02:34:27
Júlia Pastor,manuellalopes@example.net,1940-05-10,root,2026-07-01 17:39:27
Maitê Gomes,rfernandes@example.com,1966-07-14,usuario,2026-08-17 11:23:51
Dra. Evelyn das Neves,enzo-gabrielcastro@example.com,0000-00-00,usuario,2026-07-10 16:00:30
Sr. Thomas Vasconcelos,ceciliacamargo@example.net,1984-11-14,admin,2026-08-26 07:06:19
Benício Cunha,kevin76@example.org,1958-06-30,empresa,2026-09-03 04:29:19
Caroline Moreira,sabrinafernandes@example.org,1984-03-12,usuario,2026-09-10 02:55:41
Srta. Ana Vieira,anthony-gabrielviana@example.net,1997-12-20,usuario,2026-08-13 19:05:32
Otto Jesus,anna-lizguerra@example.net,1947-02-11,usuario,2026-09-01 12:05:35
Sra. Maria Flor Azevedo,imacedo@example.com,1967-05-17,empresa,2026-07-02 07:06:12
Ana Luiza Machado,francisco69@example.net,1965-07-22,usuario,
Enzo Gabriel Barros,augusto69@example.com,1971-06-21,usuario,2026-06-26 09:10:44
Thiago Sá,nascimentoana-beatriz@example.net,1939-07-10,empresa,2026-06-18 08:19:52
Isabella Viana,bmonteiro@example.org,1950-10-01,usuario,2026-08-28 09:33:35
Alice Azevedo,,1990-11-08,usuario,2026-06-23 20:00:26
Melina da Conceição,wguerra@example.net,1979-06-20,usuario,2026-09-09 21:41:47
Mariane Almeida,silvaleonardo@example.org,1988-09-02,admin,
Léo da Paz,vinicius74@example.org,1986-03-28,usuario,
Sr. Arthur Gabriel Nunes,fdas-neves@example.net,1979-02-27,usuario,2026-07-30 22:38:28
Srta. Sarah Pinto,gael-henriquemacedo@example.org,1979-03-25,usuario,2026-06-27 06:43:08
Enzo Mendonça,dsales@example.net,1937-11-19,usuario,2026-08-27 00:34:12
Allana Santos,santoseloa@example.org,1999-03-14,admin,2026-09-10 01:44:12
Benjamim Mendes,da-pazmiguel@example.org,1949-09-22,usuario,2026-07-13 00:45:40
Jade da Rosa,mendesmaria-eduarda@example.org,2004-07-03,usuario,2026-06-29 13:05:15
Enrico Moreira,oliveiragiovanna@example.com,1995-12-15,usuario,2026-06-14 03:23:03
Sr. Benício Dias,luan53@example.net,1967-02-15,usuario,2026-07-16 01:07:58
Danilo Pereira,arthur08@example.com,,usuario,2026-07-15 08:33:26
Aurora Costa,da-motabenicio@example.org,1941-07-17,usuario,2026-08-24 13:56:17
Gael Henrique Caldeira,maria-eduardada-paz@example.com,1947-04-30,usuario,2026-07-29 06:48:02
João Gabriel Silva,ana-cecilianovais@example.net,1935-09-26,usuario,2026-08-02 10:45:40
Srta. Sabrina Mendonça,silveiraisabelly@example.org,2004-12-07,usuario,2026-07-24 06:40:42
Ana Cecília Araújo,valentim93@example.org,2008-12-01,usuario,2026-07-18 04:58:23
Sr. Henrique Almeida,lmacedo@example.org,1942-08-10,usuario,2026-08-26 14:07:27
Maitê da Cruz,davi-luiz02@example.org,2006-03-06,usuario,2026-08-18 02:18:23
Melissa Andrade,diasmaria@example.com,1957-05-07,admin,2026-06-29 03:12:59
João Lucas Sá,marquesayla@example.com,1947-11-29,usuario,
Hellena Fonseca,renansem-arroba.com,1959-08-14,usuario,2026-06-24 11:02:52
Gael Henrique Monteiro,costelamirella@example.org,1991-11-27,usuario,2026-08-11 12:03:14
Arthur Miguel Gomes,   ,1984-11-14,usuario,2026-08-31 10:48:52
Otávio da Luz,sarodrigo@example.com,1938-03-21,admin,2026-07-08 03:05:12
Milena Dias,amandacassiano@example.com,2005-06-22,admin,2026-07-23 06:36:46
Ana Luiza Barbosa,heloisaaparecida@example.net,1971-12-28,empresa,
Sr. André Novaes,camila10@example.net,1939-04-04,usuario,2026-07-06 23:29:33
Gael Macedo,piresagatha@example.com,1977-04-11,empresa,2026-09-03 04:50:37
Davi Luiz Andrade,oazevedo@example.com,1967-12-12,usuario,2026-08-15 23:18:05
Fernanda Montenegro,jose-pedro77@example.org,1939-01-03,empresa,2026-06-24 10:35:44
Carlos Eduardo Andrade,ana vitória@@dominio.com,1952-05-12,usuario,2026-09-07 03:51:05
Isabella da Paz,fernandomendes@example.net,1943-10-21,usuario,2026-08-10 07:24:37
,nferreira@example.com,1975-12-15,admin,2026-08-28 11:03:31
Clarice Cavalcante,evelyn25@example.net,1966-10-30,admin,2026-08-08 17:36:00
Laís Sampaio,eduardo01@example.net,1953-09-16,admin,2026-08-29 01:07:13
Josué Freitas,zda-paz@example.org,1966-02-27,admin,2026-09-06 22:36:17
Anna Liz Garcia,marquesjuan@example.com,1995-06-28,usuario,
Yago da Paz,pereiramaria-helena@example.com,1978-10-01,usuario,2026-08-23 05:03:40
Breno Cavalcanti,yuri07@example.org,1977-03-31,admin,2026-06-20 06:13:06
Dra. Maria Luiza Albuquerque,calebcamargo@example.com,1983-05-23,usuario,2026-07-06 07:49:55
Alexandre Martins,otavio09@example.net,1967-08-22,admin,
Vitor Gabriel Vasconcelos,ayllaguerra@example.org,1965-05-13,admin,2026-08-16 09:58:18
Sr. Otto Fernandes,,1940-09-30,usuario,2026-08-09 08:47:57
Maria Luiza Farias,danielpinto@example.org,2002-12-31,usuario,2026-06-21 11:17:04
Dra. Letícia Farias,melojoao@example.org,1998-12-04,usuario,2026-08-11 16:36:30
Srta. Clarice Montenegro,clara32@example.com,1970-03-12,empresa,2026-08-21 08:36:24
Beatriz Peixoto,diego20@example.com,1983-12-24,admin,2026-07-17 03:22:07
Luigi Costela,joao-lucas66@example.com,1944-10-06,admin,2026-06-28 03:48:22
Beatriz Vasconcelos,yrios@example.net,1962-07-22,usuario,2026-06-13 16:16:33
Sr. João Miguel Pinto,carlos-eduardoda-rosa@example.org,1971-07-06,usuario,
Sr. Luiz Henrique Viana,elisa07@example.com,0000-00-00,admin,2026-07-08 19:22:28
   ,felipeabreu@example.net,1957-12-21,usuario,2026-07-30 05:34:11
,da-motadavi-luiz@example.com,1987-03-14,admin,2026-09-01 16:44:10
Pietra Borges,valentim87@example.org,1954-10-02,admin,2026-08-19 12:09:20
Luna Almeida,luanacaldeira@example.com,1981-01-15,usuario,2026-07-10 14:55:53
Srta. Natália Santos,novaesvitor-hugo@example.com,1973-04-29,usuario,2026-09-07 18:20:04
Joana Gomes,joanaalves@example.net,1971-12-07,usuario,
Milena Peixoto,da-cruzmaria-sophia@example.net,1973-09-15,usuario,2026-06-21 11:58:31
Henry Mendes,plima@example.org,1987-02-04,usuario,
Vitor Hugo Cavalcante,npimenta@example.com,2010-08-04,usuario,2026-06-23 17:12:55
Ana Sophia Almeida,jose93@example.com,1971-04-02,usuario,2026-08-06 14:49:47
Marcos Vinicius Rocha,xda-luz@example.com,1952-02-29,usuario,2026-08-22 21:11:49
Oliver Pereira,vfarias@example.org,1952-11-09,usuario,2026-07-24 11:00:04
Dr. Oliver Teixeira,vianabruno@example.net,1993-11-07,usuario,2026-09-08 00:39:18
Kamilly Porto,borgesjose-pedro@example.net,1983-06-10,usuario,2026-07-23 21:10:39
Dra. Ester da Rocha,yagonogueira@example.org,1992-10-07,usuario,2026-09-07 07:59:01
Cecília Camargo,jose14@example.net,1971-12-24,admin,2026-07-08 10:04:54
Maria Sousa,sophiaaraujo@example.com,1969-05-01,usuario,2026-07-06 07:22:07
Brenda da Paz,jcostela@example.net,1960-05-09,usuario,2026-08-24 16:34:53
Arthur Miguel Barros,zlopes@example.net,1946-09-04,usuario,
Dr. Arthur Gabriel Carvalho,qgarcia@example.net,1965-06-21,usuario,2026-08-01 05:54:25
Caroline Mendonça,ana-juliafogaca@example.net,1981-07-27,usuario,2026-09-08 21:07:17
Maria Laura Pacheco,thalesda-rocha@example.com,1974-05-13,usuario,2026-06-22 03:39:37
Eloá Correia,urios@example.com,1942-06-08,empresa,2026-06-27 23:07:58
Emanuel Casa Grande,kaiquemontenegro@example.org,1980-11-08,admin,
Davi Luiz da Rosa,danilo@dominio,1956-07-05,usuario,2026-09-09 21:29:52
Isabela Cunha,nataliarios@example.net,1970-10-18,admin,2026-06-27 03:33:23
Anthony da Rocha,vmarques@example.com,1993-10-19,usuario,2026-07-24 19:05:44
Ana Vitória Novaes,lunnacampos@example.com,2005-10-05,usuario,2026-06-15 04:46:29
Pietro Ferreira,renanazevedo@example.com,1977-09-26,usuario,2026-08-23 18:52:05
Guilherme Peixoto,pedro-miguelpimenta@example.net,1965-01-09,root,2026-08-27 01:26:13
Antônio Siqueira,   ,1998-04-24,usuario,2026-08-11 11:12:58
Beatriz Rodrigues,lais17@example.org,1964-08-29,usuario,2026-08-19 16:16:57
Matteo Pacheco,joanapires@example.net,1975-04-09,usuario,2026-08-04 23:46:29
Catarina Rezende,joao-gabrielviana@example.net,1948-06-22,usuario,
Ana Carolina Pinto,luiz-miguel11@example.net,1993-03-01,usuario,2026-06-13 18:22:11
Diogo Viana,moraesana-livia@example.com,1953-03-30,empresa,2026-09-04 22:19:08
Samuel Costa,wvasconcelos@example.net,2005-09-09,usuario,
Francisco Melo,sabrinada-costa@example.net,1935-10-19,empresa,2026-06-21 06:21:02
Julia Cavalcanti,levi19@example.net,1942-06-03,usuario,2026-08-30 19:48:52
Agatha Campos,leovasconcelos@example.com,1953-11-05,usuario,2026-07-13 23:57:42
Noah Marques,antonyrodrigues@example.net,1982-10-19,admin,2026-09-02 09:45:52
João Pedro da Cruz,ecosta@example.net,1976-02-18,admin,
Gustavo Henrique Araújo,davi-luccamachado@example.com,1964-07-20,admin,2026-07-27 00:42:14
Raquel Rios,ana-beatriz12@example.org,1990-01-28,usuario,
Sr. Yuri Abreu,benicio89@example.net,1997-08-30,usuario,2026-08-04 02:27:58
Matheus Dias,tmachado@example.net,1937-05-24,admin,2026-07-03 23:02:40
Maria Luísa Rios,aparecidaelisa@example.org,1979-07-19,usuario,
Natália Santos,isabelasilveira@example.net,1996-06-09,usuario,2026-09-01 05:46:01
Lara da Mota,borgescaleb@example.com,amanha,usuario,2026-07-09 23:19:22
Arthur Pacheco,borgesdavi@example.org,1987-07-18,usuario,2026-08-11 07:23:48
Dr. Lucas Gabriel Novaes,sampaiodante@example.com,1941-12-31,usuario,2026-08-19 16:45:37
Felipe Campos,davi-lucas04@example.com,1977-12-06,empresa,
Luna Rodrigues,carlos-eduardovieira@example.com,1978-02-05,empresa,2026-08-26 20:38:13
Yuri Vasconcelos,nabreu@example.org,1985-05-03,empresa,2026-09-06 12:30:43
Maitê Campos,vieirayago@example.net,1960-08-20,empresa,2026-09-08 03:39:54
Alana da Rosa,varagao@example.net,1950-04-04,usuario,2026-09-05 07:30:59
Eloá Dias,yagonovaes@example.net,1997-03-18,usuario,2026-06-15 03:26:57
Dra. Mariana Cavalcante,cfernandes@example.org,1949-06-06,usuario,2026-07-27 14:32:14
Ana Júlia Barros,campospedro-miguel@example.net,1959-08-09,usuario,2026-06-21 16:41:11
Sr. Igor Borges,wmoraes@example.com,1955-09-03,usuario,2026-09-05 12:40:43
Otávio Garcia,mateussouza@example.com,31/02/2000,empresa,2026-07-10 04:21:51
Srta. Isadora Ribeiro,zsantos@example.net,1964-01-10,admin,2026-06-25 08:42:52
Joana Correia,wcarvalho@example.com,1963-10-26,usuario,2026-08-05 01:13:12
Lucas Gabriel da Conceição,fernandacamargo@example.org,1974-01-26,usuario,2026-07-13 00:29:45
Maria Fernanda Casa Grande,mendesliam@example.net,1937-06-28,admin,2026-07-24 15:38:47
Samuel Pires,castromaria-eduarda@example.org,1967-10-28,empresa,2026-08-10 14:57:29
Carlos Eduardo da Mota,danilobarros@example.org,31/02/2000,usuario,2026-08-13 03:21:08
Emilly Cavalcante,imoraes@example.com,2008-01-16,usuario,2026-07-21 05:52:17
Dr. José Miguel Lima,camaraantonio@example.com,1984-03-12,usuario,2026-06-28 17:01:18
Catarina Araújo,josueda-paz@example.net,2008-10-02,usuario,2026-07-03 12:09:53
Breno Sousa,sampaiolorenzo@example.com,1960-11-26,usuario,2026-08-13 22:30:29
Maria Luiza da Mata,viniciussilveira@example.com,1951-10-09,usuario,2026-08-22 05:36:13
Zoe Câmara,ana-beatriz80@example.org,1983-10-11,usuario,2026-08-18 05:53:09
Maria Liz Borges,correianathan@example.org,1942-06-28,superusuario,2026-09-10 11:36:22
Caroline Monteiro,da-rosaravy@example.org,1947-06-12,admin,2026-08-31 14:26:05
Rafaela Marques,fogacaemanuelly@example.net,31/02/2000,admin,2026-08-20 19:56:03
Alexia Duarte,gda-mota@example.com,1942-02-03,usuario,
Stella Rezende,enzo11@example.net,1943-08-24,usuario,2026-08-13 01:02:06
Davi Luiz Carvalho,castrolevi@example.net,0000-00-00,admin,2026-07-23 20:59:23
Emilly Mendonça,wda-paz@example.org,1986-07-24,usuario,2026-08-22 01:59:42
Laís Andrade,barbosapedro-lucas@example.org,1955-05-22,admin,2026-07-26 20:03:05
Erick Cavalcante,dmonteiro@example.com,2006-01-05,admin,
Carlos Eduardo da Paz,ucastro@example.net,1978-07-08,usuario,2026-08-24 13:47:58
Ana Cecília Rezende,heitorrodrigues@example.org,2005-10-26,empresa,2026-08-02 05:55:07
Théo Silveira,renan26@example.org,1985-10-28,usuario,2026-08-13 11:05:14
Liz Siqueira,ribeiroeduardo@example.net,1961-06-17,usuario,2026-08-02 09:37:35
Benjamim Araújo,cavalcantejose-pedro@example.com,1939-12-23,admin,2026-08-24 04:02:55
Léo Mendes,lda-costa@example.com,1983-03-06,usuario,
Isabel Garcia,cnunes@example.com,1997-06-10,empresa,
Luiz Gustavo Cunha,xnascimento@example.com,1980-09-19,usuario,2026-08-19 09:42:25
Srta. Rebeca da Rosa,viniciuscamargo@example.net,1994-04-20,empresa,2026-07-21 07:16:02
Dr. Diogo Brito,davibrito@example.com,2007-04-21,usuario,2026-06-27 17:57:54
Thomas da Cruz,wramos@example.org,2005-12-24,usuario,
Sr. Miguel Campos,caroline@dominio,2000-02-17,admin,2026-06-26 19:05:50
Davi Luiz Novaes,melobenicio@example.org,1963-10-09,usuario,
Mariane Siqueira,wrocha@example.net,2006-02-27,usuario,2026-06-22 14:26:52
Mariana Marques,eloafogaca@example.org,1964-09-24,usuario,2026-08-29 03:31:13
